species_id,body_mass_kg,num_legs,has_wings,tail_length_cm,diet_type,eye_count,skin_type,nocturnal,avg_lifespan_years,has_venom,social_behavior
SP000,59.93428306022466,6,1,27.62270244948708,carnivore,2,fur,0,118.95753838306877,0,pair-living
SP001,47.23471397657631,6,1,25.52116486678837,carnivore,4,fur,0,121.2264221645337,0,solitary
SP002,62.953770762013846,8,1,50.794425728672614,carnivore,2,fur,0,119.45489000977666,0,pair-living
SP003,80.46059712816052,2,1,46.47699325226777,carnivore,4,fur,1,121.52298055190995,0,solitary
SP004,45.31693250553328,4,0,40.16188868458904,herbivore,2,scales,0,120.06092909384937,0,group-living
SP005,45.317260861016386,4,0,41.68543702275361,omnivore,4,feathers,0,118.59300042203692,1,group-living
SP006,81.58425631014782,4,0,47.10470541530485,carnivore,4,fur,1,119.82897325345438,0,pair-living
SP007,65.34869458305818,6,1,43.35436928991406,carnivore,2,fur,1,118.93722317253383,0,pair-living
SP008,40.610512281300956,6,0,31.594468199961717,omnivore,2,skin,0,120.58934937737816,0,solitary
SP009,60.85120087171929,2,1,54.130002202743,herbivore,2,scales,1,119.73863721767313,0,pair-living
SP010,40.73164614375075,4,0,48.041261706698094,omnivore,4,scales,0,120.16321025502735,0,solitary
SP011,40.68540492859486,4,0,47.65898479813848,omnivore,2,feathers,0,119.63064688995344,1,pair-living
SP012,54.839245431320684,8,0,53.375627033583726,carnivore,0,scales,1,119.44465769613667,1,pair-living
SP013,11.73439510684404,6,0,36.86354643940325,omnivore,2,skin,0,119.02637799038438,0,pair-living
SP014,15.501643349739346,4,0,57.13731437725842,omnivore,4,skin,0,120.83622293682153,0,group-living
SP015,38.754249415180546,2,0,43.599571480577616,carnivore,4,feathers,0,119.8268468982003,0,group-living
SP016,29.743377593311525,2,0,53.88598880330875,carnivore,4,skin,0,119.68530910630162,0,solitary
SP017,56.28494665190548,4,0,52.34449033487655,carnivore,2,fur,0,119.80178610155784,0,pair-living
SP018,31.83951848957578,6,0,34.61198171997444,carnivore,2,fur,1,119.32113820651422,0,solitary
SP019,21.75392597329417,2,0,50.029004049141356,omnivore,2,skin,0,119.68864857322397,0,pair-living
SP020,79.31297537843108,8,1,48.26274670846686,omnivore,2,feathers,1,120.20562981469348,0,group-living
SP021,45.48447399026929,2,0,45.303116574943424,herbivore,0,scales,0,118.96586300094323,0,group-living
SP022,51.35056409375848,0,0,44.05628249964619,herbivore,2,feathers,1,119.1106480069208,1,pair-living
SP023,21.505036275730866,0,0,44.14106750282208,omnivore,2,scales,1,121.37828409362267,0,pair-living
SP024,39.11234550949635,6,0,53.126894256439954,herbivore,2,skin,1,119.63724346720045,0,group-living
SP025,52.21845179419732,4,0,50.779105137915096,omnivore,4,skin,0,119.44843919107599,0,group-living
SP026,26.980128451553945,6,0,45.30478850265665,herbivore,2,fur,0,118.65612839444073,0,solitary
SP027,57.51396036691344,6,0,30.080638535286255,carnivore,4,scales,0,120.85067763747423,0,group-living
SP028,37.9872262016239,6,0,49.94443414083619,herbivore,2,feathers,1,118.94407418648916,0,pair-living
SP029,44.166125004134464,6,0,52.236136191777796,carnivore,2,skin,1,119.98470733903854,1,solitary
SP030,37.96586775541206,8,1,68.0041008544697,carnivore,2,feathers,0,118.29181493068342,0,pair-living
SP031,87.04556369017875,8,1,55.75433063105038,carnivore,0,fur,0,120.81817280036411,0,solitary
SP032,49.730055505241324,2,0,26.008236120845325,carnivore,2,scales,0,121.17685624361859,0,pair-living
SP033,28.84578142088199,0,0,45.78429399018643,herbivore,2,scales,1,120.48452034547802,0,group-living
SP034,66.45089824206377,6,0,63.11375028664982,omnivore,0,skin,0,118.4655198685947,0,pair-living
SP035,25.583127000579555,2,0,51.23548856901637,carnivore,2,scales,1,120.83876214390924,1,solitary
SP036,54.17727190009511,0,1,48.28652160373209,herbivore,2,skin,1,119.17265100035965,0,pair-living
SP037,10.806597522404488,4,0,54.00228658915236,carnivore,4,fur,0,118.82902812127838,0,solitary
SP038,23.43627902203139,8,0,38.77621805009197,herbivore,2,scales,0,119.61653895424234,0,pair-living
SP039,53.93722471738247,0,0,49.78089996627456,herbivore,2,skin,0,119.5966323266535,0,group-living
SP040,64.76933159990821,4,1,42.4953196100809,herbivore,2,feathers,0,119.49495134881971,1,group-living
SP041,53.42736562379941,0,0,44.803765141895255,omnivore,2,skin,0,121.2736742479047,1,pair-living
SP042,47.68703435223519,8,0,53.28454515695107,herbivore,2,scales,0,122.01182599644262,0,pair-living
SP043,43.977926088214225,8,0,35.73286897507818,herbivore,2,fur,1,118.63086346265054,0,pair-living
SP044,20.42956019265145,2,0,57.87982473801938,omnivore,4,scales,0,119.31116760567541,0,solitary
SP045,35.60311583210583,6,0,40.77188038914457,omnivore,2,scales,0,120.14274833604496,0,pair-living
SP046,40.78722458080425,0,0,47.606628331504076,herbivore,4,skin,1,119.61128350906277,1,pair-living
SP047,71.1424445243783,0,0,30.994920397250567,omnivore,4,feathers,1,120.39939874927852,0,solitary
SP048,56.872365791369226,4,0,52.19837290871391,carnivore,0,scales,0,120.91598535594579,0,group-living
SP049,14.73919689274532,8,0,59.46503935946578,carnivore,2,feathers,0,120.74936594227005,0,pair-living
SP050,56.4816793878959,0,0,39.85358450781853,omnivore,4,skin,0,120.60973356784983,0,pair-living
SP051,42.29835439167367,8,0,33.897766134904,omnivore,2,feathers,1,121.65909552091972,0,group-living
SP052,36.461559993880826,0,0,47.77983064742708,herbivore,2,skin,1,118.41105271708389,0,group-living
SP053,62.23352577681736,2,1,59.54810644991743,omnivore,4,fur,1,121.48010879195462,0,solitary
SP054,70.61999044991902,6,0,30.50143434519094,herbivore,2,feathers,0,119.58700836591025,0,pair-living
SP055,68.62560238232398,0,0,33.93691818771658,carnivore,2,feathers,1,120.78512522067562,0,pair-living
SP056,33.21564953554723,8,0,40.458104416884844,omnivore,2,fur,0,118.97033377172056,0,solitary
SP057,43.81575248297571,2,0,36.796561754693045,herbivore,2,feathers,0,119.09150360810672,0,group-living
SP058,56.62526862807128,0,1,36.828145333910044,herbivore,2,fur,0,120.66211729148203,0,solitary
SP059,69.51090254244718,4,0,24.05879372336223,carnivore,0,scales,0,118.07126997725015,0,group-living
SP060,40.4165152430942,6,1,50.89056947405868,omnivore,2,skin,0,120.9894420782883,1,solitary
SP061,46.286820466723654,0,0,48.38720502869636,carnivore,2,fur,1,121.25996350234159,0,group-living
SP062,27.873300519879436,2,0,28.011508001963545,herbivore,2,feathers,1,120.17778485382895,0,solitary
SP063,26.075867518386584,4,1,59.57195759956247,herbivore,2,fur,0,120.14176103557855,0,group-living
SP064,66.25051644788397,2,1,61.81092314930488,omnivore,2,feathers,0,119.16636385509155,0,group-living
SP065,77.12480057141646,2,1,37.49094450219886,herbivore,2,scales,0,120.67444940240367,0,group-living
SP066,48.55979756839332,4,1,56.665485909770055,omnivore,2,fur,0,120.34766524640743,0,group-living
SP067,70.07065795784048,2,0,39.27002195009054,carnivore,2,scales,0,119.07849460397618,0,group-living
SP068,57.23272050095268,4,1,46.81116510211061,omnivore,2,skin,1,119.6085200499118,0,pair-living
SP069,37.09760490789751,0,0,36.64237864979091,omnivore,4,feathers,0,119.8406645753042,0,group-living
SP070,57.227912110168276,4,1,67.14251523462275,herbivore,0,feathers,0,119.60719780348082,0,pair-living
SP071,80.76073132931938,4,0,42.03982772670102,herbivore,2,scales,0,118.63708858665002,0,group-living
SP072,49.283479217800966,6,1,46.26449022823462,omnivore,2,skin,1,120.6990203085839,0,pair-living
SP073,81.29287311628012,4,0,38.12062612536173,herbivore,2,fur,1,119.7564895440981,0,pair-living
SP074,5.0,4,0,63.61315597236394,herbivore,0,fur,1,120.0153647758933,0,solitary
SP075,66.43805008750448,0,0,63.8661464608941,herbivore,2,feathers,1,119.42173341260258,0,group-living
SP076,51.74094136476342,6,1,61.309291812629404,omnivore,2,scales,0,120.47527147397199,1,solitary
SP077,44.01985299068265,8,0,54.56440348347622,herbivore,2,scales,0,120.1986961843814,0,solitary
SP078,51.835215530710045,0,0,38.75210453065947,omnivore,2,fur,1,121.21278438913042,0,group-living
SP079,10.248621707982146,0,0,53.27850095962418,herbivore,2,skin,0,120.48059871293898,0,solitary
SP080,45.60656224324976,8,0,44.92957201075264,carnivore,2,skin,0,119.79731559816288,0,group-living
SP081,57.14225143023493,4,1,58.124086217426324,herbivore,2,fur,0,119.26028318249745,0,solitary
SP082,79.55788089483032,2,0,56.15902053365362,herbivore,2,fur,0,120.86595268391665,0,group-living
SP083,39.63459563452705,6,1,38.50734421924076,omnivore,2,scales,0,119.71742390121354,0,group-living
SP084,33.830127942136244,2,0,54.47825802837216,omnivore,2,skin,0,119.82828243340379,1,group-living
SP085,39.96485912830927,8,0,51.82034450043926,herbivore,0,fur,1,119.82802839370733,0,pair-living
SP086,68.30804235404148,0,1,17.26437137086552,carnivore,2,fur,0,119.59839228934287,0,solitary
SP087,56.57502219319369,0,0,53.009366396294624,herbivore,2,feathers,0,119.84546100577013,0,pair-living
SP088,39.404795924659226,6,0,40.68204211359794,herbivore,2,fur,0,121.92620756273257,0,solitary
SP089,60.26534866226712,0,0,36.13957545668326,carnivore,2,fur,0,118.95217794587231,0,solitary
SP090,51.941550986960806,0,1,36.56739395706258,omnivore,2,skin,0,119.18549578923839,0,solitary
SP091,69.37289981065778,6,0,43.64757104367968,herbivore,4,scales,0,121.38432441815425,0,pair-living
SP092,35.95893812245295,6,1,49.80059580086683,omnivore,0,skin,0,119.62519561550492,1,solitary
SP093,43.44675706804463,8,1,31.345379778078197,omnivore,2,scales,0,119.5493787159251,0,pair-living
SP094,42.15783693735685,0,0,46.89847836212464,carnivore,2,feathers,0,121.03486385677343,0,group-living
SP095,20.72970103735763,0,0,50.76758066193072,carnivore,2,fur,0,118.57980438271825,1,solitary
SP096,55.922405541291525,8,0,63.618057836696316,omnivore,0,feathers,0,120.82145442925341,0,solitary
SP097,55.221105443597786,4,0,34.2330983077487,herbivore,2,scales,0,120.04561642932154,0,group-living
SP098,50.102269132849216,4,0,41.50387813222196,omnivore,2,skin,0,120.46480213083198,1,group-living
SP099,45.308257332497064,4,0,47.61662972696479,herbivore,4,skin,1,120.44603095525213,0,solitary
SP100,21.692585158991715,8,0,56.474093301916064,herbivore,2,feathers,0,119.37201741351737,1,group-living
SP101,41.58709354469282,0,1,41.957761188281864,carnivore,4,scales,0,121.05118378014991,0,pair-living
SP102,43.14570966946461,8,1,56.986413719910516,herbivore,2,feathers,0,119.44986228852193,0,pair-living
SP103,33.95445461556762,8,1,25.6263768352354,herbivore,2,feathers,1,120.40884901899874,1,solitary
SP104,46.77428576667982,4,0,32.46651806878114,omnivore,2,fur,1,121.23772448552914,0,pair-living
SP105,58.08101713629077,2,0,48.4864434433422,carnivore,2,feathers,1,121.37890169984647,0,pair-living
SP106,87.7237180242106,0,0,30.89175501912125,herbivore,2,fur,1,119.73287366405931,0,solitary
SP107,53.49155625663678,4,1,33.25529473233283,herbivore,2,fur,0,120.46313527424101,1,group-living
SP108,55.15100781445528,2,0,39.72223135754061,carnivore,2,skin,1,119.64051120979639,0,solitary
SP109,48.511081684676654,2,1,52.71438991915824,omnivore,2,fur,0,122.50379622726878,0,pair-living
SP110,11.624575694019171,6,0,26.04035158692711,carnivore,2,fur,0,120.78012600587383,0,solitary
SP111,49.46972249101566,0,0,46.70298362162394,carnivore,4,skin,0,120.08405843583694,0,solitary
SP112,51.204604198820526,2,1,55.329639471528054,herbivore,0,feathers,0,120.31256217345775,0,pair-living
SP113,99.26484224970572,4,0,43.05054791571042,herbivore,4,scales,1,120.40710541544607,0,pair-living
SP114,46.15278070437755,6,1,41.3116977040746,omnivore,4,scales,0,120.43674354078348,0,solitary
SP115,56.03094684667225,0,1,49.01771282558574,herbivore,4,scales,1,119.76000178235344,0,pair-living
SP116,49.305764605895135,8,0,43.0788894727856,herbivore,2,feathers,0,119.60567270076483,0,pair-living
SP117,26.62643924760936,4,0,58.904997812407466,carnivore,2,fur,0,119.8481466382735,0,pair-living
SP118,72.85645629030041,2,0,33.885869878655654,herbivore,4,scales,0,118.86030829495279,0,pair-living
SP119,65.03866065373549,2,1,44.48355844834915,omnivore,2,feathers,0,120.71827440697446,1,pair-living
SP120,65.82063894086093,4,0,47.05686374960684,carnivore,2,fur,1,119.19829495735102,0,pair-living
SP121,31.81225090410522,2,0,41.215459481535405,omnivore,2,skin,0,118.94004992101529,0,group-living
SP122,78.05588621872198,6,0,16.287173370425386,carnivore,2,scales,0,119.98564553343586,0,solitary
SP123,21.962978744154384,0,1,43.39095091950807,herbivore,2,fur,1,119.8698773703101,0,pair-living
SP124,61.73714187600541,6,0,54.001769869124665,carnivore,2,scales,0,120.249634475789,0,solitary
SP125,93.80911251619958,2,1,52.78109186126017,carnivore,4,scales,1,119.43179463060359,0,group-living
SP126,30.189273497386232,8,1,48.547784821701995,herbivore,0,scales,0,119.60745744176903,0,pair-living
SP127,38.67404540794456,0,0,34.02137641650776,herbivore,4,fur,0,120.69211950508848,1,solitary
SP128,51.993027301752825,0,0,48.953094624584836,omnivore,0,feathers,0,120.6312172004952,0,pair-living
SP129,39.93048691767601,4,1,39.26562178457762,omnivore,2,fur,0,120.58952504617668,0,pair-living
SP130,18.986731378677348,4,0,48.53482905948667,herbivore,0,scales,0,120.03396761235149,0,pair-living
SP131,51.371259496120544,8,1,46.21505011401715,herbivore,0,fur,1,120.16892262333228,1,pair-living
SP132,28.753925725477902,0,0,35.236247287166286,herbivore,4,skin,1,120.2304388877105,0,pair-living
SP133,59.47184861270363,8,0,36.075441606430964,carnivore,2,feathers,1,119.34395826019103,0,pair-living
SP134,31.61151531532394,4,1,48.55022454421516,carnivore,2,fur,0,121.4740466001461,0,pair-living
SP135,80.99868810035079,4,0,42.788869047114986,carnivore,2,skin,0,121.3315880324877,0,group-living
SP136,34.334934153275256,0,0,36.59718569342871,herbivore,2,feathers,0,120.79424559100097,0,group-living
SP137,43.55876967588649,6,0,35.77169810273167,omnivore,2,skin,0,119.5741384135984,0,pair-living
SP138,66.27034434739339,2,0,41.96169152013784,herbivore,2,feathers,1,120.53914411795014,1,pair-living
SP139,25.382713671320897,4,0,60.681047947182094,carnivore,2,fur,0,120.97836993776977,1,group-living
SP140,54.54919869208259,4,0,39.73921967788041,carnivore,4,skin,0,118.77680309827886,0,group-living
SP141,76.14285508564856,6,1,44.85980461742411,herbivore,2,scales,0,121.6945117616985,1,group-living
SP142,17.85033530877545,6,0,46.0164428768951,herbivore,2,skin,1,118.26061238884421,0,pair-living
SP143,53.692677170646085,8,0,33.68973608508057,carnivore,2,feathers,0,120.70460581970907,0,solitary
SP144,55.19765588496847,8,0,27.371675161573048,carnivore,2,fur,0,121.45328230625248,0,solitary
SP145,65.6364574355462,2,1,34.73359265264269,carnivore,2,feathers,0,119.88693653597296,0,solitary
SP146,25.26098578243836,2,0,47.470773778063034,herbivore,2,skin,0,119.84953560017692,0,solitary
SP147,23.590867738314472,0,1,45.873310579154094,carnivore,2,skin,0,120.66766079264693,0,pair-living
SP148,60.43883131233795,8,0,52.02406569151065,carnivore,4,scales,0,121.85188189193387,0,solitary
SP149,55.93969346466372,4,0,45.96749894959117,omnivore,2,fur,1,119.71893236205864,0,group-living
SP150,55.00985700691753,8,0,43.90450708530796,herbivore,2,fur,0,119.21904480813406,0,group-living
SP151,56.928964189939514,4,0,38.95987725074873,omnivore,2,skin,1,119.576224544392,0,solitary
SP152,36.399505568430186,6,0,53.84606789862693,omnivore,2,fur,1,118.44748600771378,0,group-living
SP153,54.64507394322007,8,0,35.808198612792836,carnivore,2,scales,1,120.89775789871516,0,pair-living
SP154,55.86144946597362,6,1,33.89600482703979,herbivore,2,feathers,0,119.48591694728614,1,solitary
SP155,35.71297163947264,2,0,50.67055517388103,carnivore,4,fur,0,119.79166084593444,0,solitary
SP156,87.31549022289514,2,0,31.66842689346345,herbivore,4,skin,1,120.909621131419,0,pair-living
SP157,59.47665841823575,0,0,69.14790998658631,omnivore,4,feathers,1,119.62308967559015,1,group-living
SP158,26.17393005594703,8,1,45.79993380559144,herbivore,0,feathers,0,120.7590903953884,0,pair-living
SP159,63.131072172676596,6,0,48.47906116324886,carnivore,2,scales,1,118.96191149618372,0,pair-living
SP160,30.50636659545357,4,0,36.91580175476613,carnivore,2,skin,0,120.958719428324,0,group-living
SP161,65.74169207484904,2,0,41.84735155758454,carnivore,4,fur,0,120.34190502126548,0,pair-living
SP162,73.17191158014808,2,1,40.73242883117646,herbivore,2,skin,0,119.91142096918033,0,group-living
SP163,33.58635363296579,4,0,39.58165012331358,omnivore,4,feathers,0,120.1308934879438,0,group-living
SP164,69.26752258488644,6,0,51.32961751509826,omnivore,2,skin,0,118.71323870534727,0,pair-living
SP165,58.25561853872996,6,1,40.50423961774719,herbivore,2,fur,1,120.10800074394697,0,group-living
SP166,66.4412031998898,8,1,55.17501229084181,carnivore,2,fur,0,119.8583302146434,0,pair-living
SP167,87.93585965307895,8,0,71.63182350119824,omnivore,2,scales,0,118.74056738956244,0,group-living
SP168,45.09223767994259,0,1,42.044587598534505,carnivore,2,fur,0,119.32892457309346,0,solitary
SP169,34.925276712850206,2,0,46.523155135766245,herbivore,2,fur,0,119.87075474204748,0,group-living
SP170,32.209711407489536,8,0,48.79482057165507,carnivore,2,skin,0,119.39270781505216,0,group-living
SP171,33.68379430069123,6,0,63.11504812593517,omnivore,2,skin,1,117.58788609494958,0,pair-living
SP172,48.45796581171792,4,0,44.17352214961811,omnivore,2,feathers,1,121.07638753960886,0,group-living
SP173,56.823039496332875,6,0,36.709830803416374,carnivore,2,scales,1,119.85791012491033,0,solitary
SP174,55.53381598660038,2,1,32.33659494374296,herbivore,2,skin,1,117.72604979076345,0,solitary
SP175,66.54366498072048,6,0,44.42016052567766,carnivore,2,fur,0,122.1349629396794,0,group-living
SP176,50.26003783755814,0,0,40.516197809461175,herbivore,0,feathers,0,121.2413923313132,0,group-living
SP177,79.07068154314634,2,0,65.10009289300001,carnivore,2,skin,0,119.65101794893167,1,solitary
SP178,44.70686333524088,4,1,62.698624206769665,omnivore,2,scales,0,119.1575025086333,0,pair-living
SP179,104.40338333179238,0,0,34.656271720764025,herbivore,2,scales,1,120.40319121076053,0,solitary
SP180,62.51334695530012,2,0,37.89239896450822,herbivore,0,feathers,0,120.20232681488415,1,solitary
SP181,32.856848871674345,4,0,45.73770107886886,herbivore,2,feathers,0,120.54208992480038,0,group-living
SP182,28.582150038777755,0,0,58.97226422558763,omnivore,4,feathers,1,119.16037972674495,0,group-living
SP183,59.649448304863704,0,1,45.570131363710516,carnivore,2,feathers,1,121.09777202097163,0,solitary
SP184,45.53074429348298,2,1,38.52759362011953,omnivore,2,feathers,1,119.52653787682445,0,pair-living
SP185,64.28000988184183,8,0,44.41118190097275,herbivore,2,fur,0,120.68076574865557,0,solitary
SP186,59.4647524914709,0,1,38.71515136103953,carnivore,4,fur,0,119.20306073954298,0,solitary
SP187,48.54342174686254,0,0,51.02477209439482,omnivore,2,skin,0,122.64814398575349,0,pair-living
SP188,33.0641256386319,4,1,37.90966288335295,herbivore,2,scales,0,120.69552334896525,0,solitary
SP189,19.70305550628271,6,0,39.89563947573033,herbivore,4,fur,0,122.88423227657364,0,solitary
SP190,41.06970095865958,2,0,56.61933813456096,omnivore,2,fur,0,120.82760197632605,0,group-living
SP191,67.12797588646944,2,0,37.31635052685928,omnivore,4,fur,1,119.43853564313132,0,pair-living
SP192,54.28187488260408,8,0,30.53871967439838,omnivore,0,skin,0,120.8293807935892,0,group-living
SP193,25.085224425760238,8,0,45.94993751356304,herbivore,4,feathers,1,120.90057781819321,0,group-living
SP194,53.46361851702364,2,0,41.39526595795404,omnivore,2,skin,1,120.37332414449776,1,pair-living
SP195,57.706347594576734,8,0,50.11415500929954,herbivore,2,scales,0,120.63039247203206,0,pair-living
SP196,32.32285127597734,4,1,48.1747193473109,omnivore,2,scales,1,120.76172712940767,0,solitary
SP197,53.07450211891056,2,0,44.68081505356638,herbivore,2,scales,0,119.00631898923426,0,group-living
SP198,51.16417436892,8,0,44.38956574530005,herbivore,0,scales,0,118.93514159527005,0,pair-living
SP199,27.140594043387537,2,1,37.64141550677165,carnivore,4,fur,1,119.20578300138557,0,group-living
SP200,57.155747206965664,6,0,45.83347070993243,omnivore,4,fur,0,120.12754239437051,0,group-living
SP201,61.215690527364686,0,0,53.81284781432768,omnivore,2,skin,1,119.77682882852658,0,pair-living
SP202,71.66102486350553,2,0,35.265532586005236,herbivore,4,feathers,0,119.02442943407705,0,solitary
SP203,71.07604104069806,0,1,44.946026236384654,herbivore,2,scales,0,120.77531421051965,0,group-living
SP204,22.446612640858177,8,0,55.383887557346114,herbivore,2,skin,0,120.28304482013648,0,pair-living
SP205,31.243499201697546,0,0,50.05424093216699,carnivore,2,fur,0,120.16892899137085,1,solitary
SP206,60.300705344173195,2,1,58.09472896350713,carnivore,2,fur,0,119.74201069482606,0,group-living
SP207,60.275719018244175,6,1,39.31857670165665,herbivore,2,feathers,1,119.62177189763443,0,pair-living
SP208,60.30095372612096,8,0,26.692315516051337,omnivore,2,feathers,1,119.15866883819102,0,group-living
SP209,127.05462981309442,2,0,47.00651803955687,omnivore,4,feathers,1,120.93374029253734,0,pair-living
SP210,61.41781021386334,8,0,48.62570815026485,carnivore,0,skin,0,119.29650711834681,0,pair-living
SP211,72.71131280361197,4,1,58.68421954472675,carnivore,4,fur,1,120.20939046669281,0,group-living
SP212,69.08003526986406,0,0,56.88145734706984,herbivore,2,fur,1,121.66201039627204,0,group-living
SP213,63.02782502611596,4,0,50.36743623012462,omnivore,2,feathers,1,119.66774225531064,0,pair-living
SP214,43.69461510719309,2,1,52.653902141704336,herbivore,2,scales,0,120.96070214071919,0,solitary
SP215,65.17938440986535,6,0,43.08178541793361,carnivore,4,feathers,1,120.56870901603567,0,group-living
SP216,34.54349570924856,8,0,32.80885388680783,omnivore,2,skin,1,120.31146756326105,0,pair-living
SP217,45.26362786519982,0,0,46.1772121738091,omnivore,2,feathers,0,120.43034844190475,0,pair-living
SP218,40.29272904341793,8,0,54.82573463627777,carnivore,2,feathers,1,119.90509343072907,0,solitary
SP219,51.63748278772645,2,0,51.563608698285485,herbivore,0,skin,0,120.03477596879344,0,solitary
SP220,96.29317133347017,8,0,53.338073391593646,herbivore,2,feathers,0,119.45188605177428,0,solitary
SP221,12.654696148165037,0,0,40.72244312953248,omnivore,2,fur,0,120.04145712113409,1,group-living
SP222,63.72520380749027,2,0,42.34453161981576,carnivore,2,scales,0,119.4147740042165,0,pair-living
SP223,17.745682576206967,8,1,49.83425488114603,omnivore,2,feathers,0,121.0056550930766,0,pair-living
SP224,40.56136268421133,6,0,39.534926054912454,carnivore,2,skin,1,118.30050257132156,0,pair-living
SP225,71.77901193934733,2,1,39.842829300669976,herbivore,2,scales,0,120.48105329112548,0,solitary
SP226,51.285600381909255,2,0,47.97982236377452,carnivore,2,skin,1,120.33658670142228,0,pair-living
SP227,28.44510444141388,6,1,52.60904743156908,herbivore,2,scales,1,120.24601596417604,0,group-living
SP228,35.693925814800636,4,1,43.00471326670591,carnivore,4,scales,0,121.02449894886549,1,solitary
SP229,63.591954978693515,0,0,33.36810538946361,omnivore,2,feathers,1,119.71387640995705,0,solitary
SP230,35.39266736565727,4,1,37.6419608495717,herbivore,2,fur,1,120.25543384457205,0,solitary
SP231,54.329171791639496,8,1,47.03672084893098,omnivore,2,feathers,1,118.28345811181354,0,solitary
SP232,50.911436798076274,6,0,46.91520963865965,omnivore,2,skin,1,119.58468311786477,0,group-living
SP233,36.96799304788366,4,0,47.41238137655348,herbivore,2,skin,1,120.85573643117523,0,pair-living
SP234,92.87888178650651,2,0,50.212952905957565,herbivore,2,scales,1,118.66083826446352,0,group-living
SP235,62.67838044636022,8,1,45.0581055854245,omnivore,2,scales,0,120.15974336705075,1,pair-living
SP236,9.497148266847859,8,1,47.65056044840312,omnivore,4,fur,1,119.3224829281162,0,group-living
SP237,53.729086295388555,4,1,44.549731771711336,omnivore,2,feathers,1,119.88901302822826,0,solitary
SP238,36.76427070463224,4,0,56.48733482929439,omnivore,2,skin,0,119.3823225112384,0,solitary
SP239,67.04866669592448,6,1,59.32342031217502,herbivore,2,scales,0,118.75280439570658,0,group-living
SP240,34.14958523134599,0,0,33.109887176199656,herbivore,2,fur,1,120.3860033149598,0,group-living
SP241,47.70527117066202,4,0,42.44748057897747,omnivore,2,skin,0,119.95040323797525,0,pair-living
SP242,60.09974557960914,4,0,45.32724491540708,carnivore,2,scales,1,120.6126291196872,0,group-living
SP243,67.31510388340243,2,0,42.33085287985679,carnivore,2,skin,0,120.79443790799886,0,group-living
SP244,25.994071858884475,8,0,62.92922591330873,herbivore,2,fur,0,121.22525873708902,1,pair-living
SP245,43.30997528318103,0,0,47.23955278089735,omnivore,2,fur,0,120.13348674544267,1,pair-living
SP246,40.50109377678088,2,0,36.94628172949656,omnivore,2,skin,0,121.2686210246032,0,pair-living
SP247,36.93341534852576,6,0,50.96442339560671,herbivore,2,feathers,1,119.02422549260905,0,group-living
SP248,85.30908480562194,6,0,47.709745388461926,carnivore,2,skin,1,120.90895982922814,0,pair-living
SP249,58.09963421921911,4,0,48.041929195534216,carnivore,4,scales,1,120.45939041632785,0,solitary
SP250,24.782320913299095,4,0,63.078761587991906,carnivore,2,feathers,0,120.23309265251478,0,solitary
SP251,68.35723894109552,6,0,48.507851757548096,herbivore,2,scales,0,120.44473223416311,0,solitary
SP252,92.44312394025266,4,0,41.96338476126004,carnivore,4,skin,1,119.03926112166454,0,group-living
SP253,70.64930521102293,0,0,25.44723573689899,herbivore,2,feathers,1,118.80325319007498,0,solitary
SP254,19.612600680919734,4,0,43.34600981856488,herbivore,2,scales,0,121.709828186077,0,group-living
SP255,40.31531854267497,8,0,58.05969917327189,omnivore,2,skin,0,119.83127782180273,0,group-living
SP256,75.33822298373245,4,0,44.08830880443813,carnivore,2,skin,0,119.8170065781933,0,solitary
SP257,35.846610687624384,2,0,22.599501014804968,herbivore,2,feathers,1,118.8976905257587,0,pair-living
SP258,58.87638856292457,0,1,40.01637607807554,carnivore,2,skin,1,118.51822169450317,0,group-living
SP259,65.49268106858673,2,0,54.92688538912792,carnivore,2,fur,0,119.91168112118771,0,solitary
SP260,31.46139056843834,2,0,50.45817174562015,omnivore,0,scales,0,119.65841207849127,1,group-living
SP261,48.809492878764,8,0,36.60119103489264,carnivore,4,scales,1,120.00173435674245,0,pair-living
SP262,5.0,0,0,39.34715223600918,omnivore,2,skin,0,120.08715394038218,0,pair-living
SP263,29.512247173314204,0,0,40.89291340897583,herbivore,2,skin,0,122.4894610812607,0,solitary
SP264,44.948636972136796,0,0,38.3728622813707,carnivore,4,fur,0,119.66142001926104,1,group-living
SP265,25.04433636070301,0,0,24.703261322604178,herbivore,2,feathers,0,121.57994010794344,0,group-living
SP266,82.6482260786327,0,0,52.635911006198555,carnivore,4,skin,0,121.64202421504494,0,group-living
SP267,21.397172440787347,8,0,57.570599566890934,herbivore,2,skin,1,120.75362428527198,1,group-living
SP268,41.19911026606032,4,1,29.8155105603526,carnivore,2,skin,1,119.76487366745089,0,solitary
SP269,52.61481154572183,2,1,57.43852932586314,carnivore,2,skin,1,118.63852766386727,1,pair-living
SP270,78.82546578132231,0,1,43.96976798602784,carnivore,2,scales,1,120.47794387733391,1,solitary
SP271,21.282756976411214,4,1,57.251323481678746,carnivore,2,skin,0,121.01881207970095,1,group-living
SP272,73.26327504309918,4,0,45.37950436290446,carnivore,4,scales,1,121.74768746428299,0,group-living
SP273,50.20466122039174,2,0,46.3554459215863,carnivore,2,skin,0,119.05004204575322,0,pair-living
SP274,30.36982697904098,8,0,48.72434646982213,carnivore,2,feathers,1,119.75647361081474,0,group-living
SP275,59.24206948526542,6,0,37.09933674864722,carnivore,4,fur,1,119.05613540957715,0,solitary
SP276,53.981193911469404,6,1,56.94674144328022,carnivore,2,feathers,0,119.36652200756308,0,solitary
SP277,37.99566245682411,4,0,33.78619361925215,herbivore,2,skin,0,120.66438753423563,0,pair-living
SP278,51.39604169980038,2,1,40.97933255483329,omnivore,4,skin,0,119.32069523063426,0,solitary
SP279,42.2937280627648,6,0,50.24264677643169,carnivore,2,skin,0,119.17572882268298,0,solitary
SP280,52.27034690502496,4,1,39.90804759514536,omnivore,2,feathers,0,120.79699586372227,0,solitary
SP281,63.242613490420936,8,0,52.77531240814944,carnivore,4,skin,1,120.45073879004354,0,solitary
SP282,81.72033632290704,6,0,58.75866173183957,carnivore,2,feathers,1,120.35001119793517,0,group-living
SP283,25.243690023463017,4,0,55.12546001053837,herbivore,2,scales,0,119.34711264180093,0,solitary
SP284,92.66066749312533,4,0,25.638846863213786,herbivore,2,fur,0,121.2930232782147,0,pair-living
SP285,10.958244009549965,0,0,46.25846969619357,omnivore,2,fur,0,120.01449019731979,0,pair-living
SP286,46.964298099288335,8,0,55.28682610696392,herbivore,4,feathers,1,122.38019013875477,0,solitary
SP287,61.76634412969153,0,1,31.83251153177943,herbivore,2,scales,0,120.16116616947005,0,pair-living
SP288,55.61983735470065,2,0,52.236105872288746,omnivore,2,feathers,0,117.66665215815284,0,solitary
SP289,37.546009603588125,0,0,51.67460781639312,herbivore,2,scales,0,117.62212446522314,0,pair-living
SP290,45.83755499285449,0,0,32.879101080617346,carnivore,2,skin,0,120.62394994184547,0,pair-living
SP291,40.139981306823344,6,1,53.342326657401614,omnivore,2,scales,0,121.3004941523308,1,solitary
SP292,38.21270486111577,4,0,47.726977935299345,omnivore,4,scales,1,119.21617187007615,0,solitary
SP293,66.99204194042049,8,0,51.50381788721268,carnivore,2,scales,0,122.10097877277715,0,group-living
SP294,57.140309719300944,0,0,35.33687614234867,herbivore,2,fur,1,121.6629989369941,0,solitary
SP295,36.14180809478692,8,0,46.501361163713845,omnivore,0,scales,0,120.21054676344114,0,solitary
SP296,67.99199750866501,0,0,27.951214458676763,omnivore,2,skin,1,120.53945394235613,0,group-living
SP297,56.14599041753219,2,0,22.23008792466949,carnivore,2,skin,1,120.89453021738852,0,solitary
SP298,66.2572423767792,0,0,46.4082842652775,carnivore,0,skin,0,121.88999489732052,0,solitary
SP299,62.59257683847224,6,1,56.005976067613105,herbivore,2,scales,0,120.68213596674558,0,group-living
SP300,33.420099781558555,4,0,47.5293681426508,omnivore,2,feathers,0,120.18793165227115,0,solitary
SP301,38.79637919606061,2,0,44.36553936055854,herbivore,0,feathers,1,120.67230119758665,0,solitary
SP302,64.94587210246523,0,0,43.12465879945127,herbivore,2,skin,0,120.53736028144922,0,group-living
SP303,62.207405308669294,8,1,35.574346085569346,carnivore,2,fur,1,120.924410187275,1,group-living
SP304,49.581968120717036,2,0,42.781390962046935,omnivore,2,feathers,0,118.42997670692046,0,pair-living
SP305,52.34654766617564,2,1,49.21684468264444,omnivore,4,scales,1,120.31585344994745,0,solitary
SP306,75.5532979157685,0,0,40.647777671993715,omnivore,2,feathers,1,120.46044050757973,0,pair-living
SP307,38.168572223283405,2,0,52.50586853835777,carnivore,4,skin,1,119.92715283294783,0,pair-living
SP308,60.94194762340076,8,0,46.959750338646025,carnivore,2,fur,0,120.78416644421756,0,group-living
SP309,45.95614695132212,2,1,48.16979417773407,carnivore,2,feathers,0,121.92116762056904,0,solitary
SP310,45.646375935455595,8,0,53.886627535509604,carnivore,4,feathers,1,120.13821713110444,0,solitary
SP311,71.9755370397438,0,1,39.732445673450094,carnivore,2,skin,0,120.6917210807077,0,group-living
SP312,66.5083269797606,4,1,51.59380586186951,omnivore,4,fur,0,121.60626476045155,0,pair-living
SP313,66.27019272001277,2,0,41.13523282748026,herbivore,0,fur,0,120.16156450594185,0,group-living
SP314,76.10957614308658,4,0,48.3951448381884,omnivore,2,skin,0,119.1115367976412,1,solitary
SP315,50.420076832655184,8,0,38.542286493634315,herbivore,0,scales,0,120.61577884908793,0,group-living
SP316,63.639059425899276,2,0,35.89296176935268,carnivore,2,feathers,0,117.79833386320192,0,solitary
SP317,43.79466486813088,6,1,45.91864745648493,herbivore,2,scales,0,117.70163296203732,0,pair-living
SP318,56.483327049768846,4,1,26.14799947978883,omnivore,2,feathers,1,120.33301204711626,0,solitary
SP319,47.397138912646305,2,0,42.037325564911185,omnivore,2,feathers,1,117.65502961691813,1,pair-living
SP320,51.93991929985437,4,0,28.936229943908195,herbivore,2,scales,1,118.68483225757181,0,pair-living
SP321,61.903140508738275,2,1,52.792340343136075,carnivore,0,skin,1,119.61990143648968,0,solitary
SP322,33.63558633533055,0,0,55.501105961089145,carnivore,2,skin,0,119.27858365025412,0,solitary
SP323,91.84774551370921,4,1,36.36048778579194,omnivore,4,feathers,0,119.85219349645288,0,pair-living
SP324,29.87965237000596,6,0,49.28312962473496,herbivore,2,skin,0,121.11287014076849,0,group-living
SP325,25.71622774424536,6,0,53.99135713687492,carnivore,4,feathers,0,120.23848081136393,0,solitary
SP326,73.16221747000135,8,0,54.02469222501783,carnivore,4,skin,1,119.16067959822054,0,pair-living
SP327,65.83325387925872,2,0,47.14450833971641,omnivore,2,feathers,0,121.35444107278428,1,pair-living
SP328,62.4823963410431,4,0,52.34304675561497,carnivore,2,skin,0,118.57114276345581,0,group-living
SP329,62.5669101852856,8,0,38.50668688079606,herbivore,0,fur,0,120.2218835087721,0,solitary
SP330,49.75506454306171,4,0,45.8312246565668,omnivore,2,scales,0,118.4599140249883,0,pair-living
SP331,32.05491257028337,2,1,40.32896593209224,omnivore,0,fur,1,120.25231790573054,0,group-living
SP332,51.51609116387453,6,1,37.66212026214636,herbivore,2,scales,0,119.68137259610741,0,pair-living
SP333,36.456765769757766,0,0,45.36063391469627,omnivore,2,scales,1,121.08223791152636,0,solitary
SP334,69.50239466835502,6,0,48.47530376158075,carnivore,2,feathers,0,120.72068947119423,0,group-living
SP335,47.05885236995723,8,0,56.63508767954987,carnivore,2,scales,0,119.41286066800834,0,pair-living
SP336,33.49005606414977,0,0,47.65155527298887,herbivore,2,fur,1,119.22106035918375,1,group-living
SP337,43.57228316694013,8,0,51.41930534961551,carnivore,2,fur,0,119.6849032669679,0,solitary
SP338,58.25862908551249,2,0,51.53283173249538,herbivore,2,skin,1,121.87557146003434,0,group-living
SP339,38.7255089439205,0,0,71.8753436569696,herbivore,0,fur,1,121.61906848110809,0,solitary
SP340,33.555592088671375,8,0,26.89967596727421,carnivore,2,skin,1,119.03173181463134,1,pair-living
SP341,54.873744229838245,2,0,38.12066133162822,herbivore,2,scales,1,120.80022533800135,0,solitary
SP342,54.899331422174455,6,0,59.740560524880806,carnivore,2,fur,0,118.26856857110273,0,pair-living
SP343,39.8611364925774,2,1,41.47986925146526,omnivore,2,scales,1,119.55265753894264,0,pair-living
SP344,40.57923388763354,4,0,53.858031376017195,omnivore,2,fur,0,119.07243564713754,1,solitary
SP345,54.64099874715273,2,0,47.30009523762836,herbivore,2,fur,1,121.06927945757243,1,pair-living
SP346,21.038313170053517,2,0,66.05202401208011,carnivore,2,skin,1,118.70928248021158,0,group-living
SP347,21.850724512468894,4,0,33.86945572936288,carnivore,2,scales,1,120.42935023542248,0,pair-living
SP348,35.63111557495128,8,1,57.21800552518813,omnivore,2,fur,1,120.00071012156596,0,solitary
SP349,45.73105696576305,8,0,62.49581305272499,omnivore,2,feathers,0,119.8245511702705,0,group-living
SP350,56.21815131196009,2,1,34.85581122832001,carnivore,2,scales,1,121.6715829507444,0,group-living
SP351,79.50712433899105,4,0,52.82870243581346,herbivore,4,scales,1,121.75969719233431,0,pair-living
SP352,67.15319246404039,4,0,35.34502014170944,omnivore,2,scales,1,119.85560718154703,1,pair-living
SP353,46.80122940073146,6,1,45.30161572535125,herbivore,2,skin,1,119.6540836994,0,solitary
SP354,49.619675841946226,8,0,42.43412069817826,herbivore,2,feathers,0,118.49312668119683,0,group-living
SP355,29.949412707243823,0,0,20.97246065100313,omnivore,2,scales,0,119.99574101276079,0,solitary
SP356,49.6297372801522,8,0,49.24234259711899,herbivore,2,fur,0,121.953303255746,0,pair-living
SP357,44.22682722159723,8,0,46.43339167606231,herbivore,2,fur,1,119.87126466047208,0,group-living
SP358,56.45437120676179,6,1,59.790789734057604,carnivore,2,skin,0,120.72875928314377,0,solitary
SP359,33.45538112895354,0,0,51.111436546495426,herbivore,2,fur,0,118.60250267608073,0,solitary
SP360,60.38693028482345,6,0,67.90883924078763,carnivore,2,scales,0,119.5652250702664,1,solitary
SP361,80.65477826005156,0,0,46.07042382078714,omnivore,4,fur,1,120.46246530580265,0,solitary
SP362,47.82479703086285,2,0,43.944699479976926,omnivore,4,scales,0,120.10586239804805,0,solitary
SP363,58.034234441978825,0,0,43.156433492829045,carnivore,2,fur,0,120.82466733441056,0,group-living
SP364,63.80287983422225,6,0,40.60411288968226,omnivore,2,feathers,0,119.39732811544134,0,solitary
SP365,41.97559056228327,8,0,22.922490836174312,herbivore,2,skin,0,118.25001145117633,0,group-living
SP366,54.48184963620834,0,1,42.798053729920426,herbivore,2,skin,0,121.12209023032227,0,solitary
SP367,50.2518480156359,0,0,24.321452735640076,herbivore,2,feathers,0,119.06385071072908,0,pair-living
SP368,51.95352197097664,4,0,49.52033344585769,omnivore,2,feathers,0,120.50660402750198,0,pair-living
SP369,34.539804322890674,8,1,32.599397075294156,herbivore,2,skin,1,120.45085686648842,0,solitary
SP370,50.49020348517885,2,0,36.056673769115804,omnivore,4,feathers,1,118.33624680496801,0,pair-living
SP371,59.95996582490899,6,0,38.30589805167448,herbivore,2,scales,0,121.04912541724002,0,group-living
SP372,79.02287215590084,2,0,42.95064962186755,carnivore,2,fur,1,119.43343280547103,1,solitary
SP373,69.18541652170414,8,0,45.06868254939037,omnivore,2,skin,0,120.05505462198695,0,group-living
SP374,93.06364915023113,0,0,55.8447958307307,omnivore,2,feathers,1,119.64181743603444,0,solitary
SP375,34.65304874223901,0,1,39.224699064924465,herbivore,2,scales,1,121.62259150223291,1,pair-living
SP376,67.44641273441357,8,0,49.8014613622237,omnivore,2,skin,0,121.34349020818406,0,group-living
SP377,53.666840114767034,0,0,72.30867233223567,omnivore,2,feathers,0,118.18766541622928,0,pair-living
SP378,93.79605866435344,0,1,48.7735070276323,carnivore,4,skin,0,122.25882712190818,1,pair-living
SP379,33.83403429289697,0,0,43.19510211068366,carnivore,2,feathers,0,119.3216932674848,0,solitary
SP380,33.20556315638448,6,0,37.20848348071703,herbivore,2,skin,1,122.10243667698184,1,group-living
SP381,38.01214709111956,6,0,43.05668454579671,carnivore,2,scales,0,119.74379042786002,1,pair-living
SP382,7.522085513803859,4,1,36.137796563905944,herbivore,4,scales,0,119.65908329390807,0,solitary
SP383,39.48489956638478,2,0,47.68661426683772,herbivore,0,fur,0,119.75267226692218,0,solitary
SP384,34.81734676892604,8,0,46.03544138639393,herbivore,2,skin,0,119.5992103550205,0,solitary
SP385,53.00787572952415,8,0,23.377807790822068,omnivore,4,fur,0,122.52439653782322,0,pair-living
SP386,56.83511951554319,8,0,44.81441994233933,carnivore,2,skin,0,119.92363680067936,0,solitary
SP387,87.52341678431773,4,0,55.76146312640013,herbivore,4,feathers,1,119.6977035674613,0,group-living
SP388,69.008476763721,6,0,41.0088814779725,carnivore,2,feathers,0,120.07701075749294,0,group-living
SP389,38.46192688675194,4,1,38.47103227588438,herbivore,2,fur,0,119.03266480307529,0,pair-living
SP390,32.03170657303284,8,0,31.222992268831476,carnivore,2,skin,1,121.59712053429026,0,group-living
SP391,59.838383430130115,2,0,26.420079583755957,carnivore,2,fur,0,118.52891916430687,0,solitary
SP392,23.595335859587156,0,1,53.31349267063254,herbivore,2,scales,1,119.38599139292859,0,pair-living
SP393,86.62917531708707,6,1,43.18521670420804,omnivore,2,fur,1,120.93666030984679,0,solitary
SP394,73.58880241442574,6,0,52.72021562003423,carnivore,2,fur,0,120.04235213076743,1,pair-living
SP395,40.616486957905906,4,0,60.31323744579469,omnivore,2,feathers,0,120.54921518250005,1,pair-living
SP396,15.737309418182448,6,0,54.21247684910345,omnivore,4,fur,0,121.53316411668543,0,solitary
SP397,77.07744748330825,8,1,39.576276785612045,herbivore,4,skin,0,121.00380154833248,1,group-living
SP398,47.70920309494764,8,1,46.44867664657556,herbivore,2,feathers,0,120.13747634514114,0,group-living
SP399,74.75632623946923,4,0,38.85227134843082,herbivore,4,fur,0,122.0893426498518,0,pair-living
SP400,18.111446824112658,8,1,37.91711537398337,carnivore,2,scales,0,119.37166385120376,0,solitary
SP401,38.012499540924544,2,0,48.428151624026235,herbivore,2,fur,0,119.89969035900745,0,solitary
SP402,50.104873994363665,4,0,36.67706116881828,herbivore,2,fur,1,119.96955966849724,1,pair-living
SP403,50.939611875294844,2,0,22.90848380911299,carnivore,2,fur,0,119.89757823398303,0,group-living
SP404,40.99869057041513,0,1,36.118521042726236,carnivore,2,feathers,0,118.93078934303884,0,solitary
SP405,62.45699864694998,2,0,41.93118851312627,herbivore,2,skin,0,118.41635017483951,0,group-living
SP406,28.647591412348113,0,1,60.21398497831922,herbivore,2,scales,1,120.41720157437919,0,group-living
SP407,47.15241029957413,0,1,40.09062550128635,herbivore,0,fur,0,119.36652621444934,0,pair-living
SP408,52.40591263423798,2,1,50.119240910292746,herbivore,2,skin,1,121.90780878898128,0,pair-living
SP409,60.28877668117498,4,0,43.3169176603793,omnivore,4,skin,0,119.92745767676476,0,group-living
SP410,64.2322975617778,8,0,57.26405143870384,omnivore,2,feathers,1,119.74851074250851,0,solitary
SP411,27.507158163242615,8,0,56.57096385463959,herbivore,4,scales,0,121.09433978640266,0,solitary
SP412,19.317716585287556,0,0,56.7617510523992,omnivore,4,feathers,0,120.40219263744773,0,pair-living
SP413,75.55353643797018,0,0,27.660164705826475,carnivore,4,skin,0,119.82448257221296,0,group-living
SP414,56.64628023959183,4,1,47.067240472449946,omnivore,4,skin,0,119.35926825223555,0,solitary
SP415,35.03026926886893,6,0,52.58938600121948,omnivore,4,skin,0,123.65770180399907,0,solitary
SP416,81.02303951045046,2,0,48.81538562589331,herbivore,2,feathers,0,120.36178576226173,0,pair-living
SP417,52.31349268585717,0,0,51.365963258218294,omnivore,0,scales,1,121.0844295773844,0,group-living
SP418,73.58594368127653,8,0,45.583510042854776,omnivore,2,fur,1,118.97705447976651,0,solitary
SP419,51.35036962820218,4,0,37.55215793273473,omnivore,2,feathers,0,119.42201461357632,1,pair-living
SP420,91.21495849763974,2,0,28.029026150137483,omnivore,2,skin,0,122.11234588829029,0,solitary
SP421,85.10681684886409,4,1,38.54430571351524,carnivore,2,feathers,0,121.39693093935564,0,solitary
SP422,45.02071703041853,2,0,71.78109873638392,herbivore,4,skin,1,120.45762210373329,1,solitary
SP423,69.43141901908712,2,1,40.14348823909328,herbivore,4,fur,0,119.61842910820297,0,pair-living
SP424,62.90751899170295,0,1,25.406097739092562,carnivore,4,fur,1,119.76596422804343,0,group-living
SP425,77.37263115064698,4,0,52.32649360729083,omnivore,2,scales,0,119.32388926474387,0,pair-living
SP426,30.70153078839791,4,1,53.55460008682645,carnivore,0,skin,0,118.84315066986136,0,group-living
SP427,63.72102919996878,8,0,57.873243901521406,omnivore,0,scales,1,120.92384418426101,0,solitary
SP428,71.16848973699176,8,1,49.7097850370678,carnivore,2,scales,1,120.53883122279206,1,group-living
SP429,14.825210271537713,0,0,53.456015144669514,herbivore,0,fur,0,120.73607881634227,0,solitary
SP430,26.3348297466845,0,1,63.40217134841991,herbivore,0,feathers,0,119.66310201203774,0,solitary
SP431,9.21535644479799,6,1,37.54526507937885,herbivore,4,feathers,1,120.25563897513317,1,pair-living
SP432,44.61186331110885,8,1,35.56149294576282,omnivore,2,scales,0,119.56795623502586,1,solitary
SP433,64.35084511591924,2,1,34.05413460447071,omnivore,2,fur,1,119.2726919372297,0,pair-living
SP434,80.04714104192055,4,0,42.34230413506017,carnivore,2,skin,0,121.66706243614217,0,group-living
SP435,51.481895608395504,0,0,59.33422419825168,carnivore,2,feathers,1,120.12150729684075,0,group-living
SP436,82.57231091142583,4,0,50.28068367746235,herbivore,0,scales,1,120.50745433828654,0,solitary
SP437,22.39797083570217,4,0,49.88691952709218,omnivore,4,feathers,0,120.8357540138575,0,pair-living
SP438,15.932351212896904,6,0,26.806920713352763,carnivore,2,feathers,1,120.13404088623302,1,solitary
SP439,48.889046022067625,8,0,38.06813172763581,omnivore,2,skin,0,120.24063274402515,0,pair-living
SP440,57.68130897878615,0,1,26.64342367137963,omnivore,2,fur,0,118.9133748230463,0,pair-living
SP441,49.34610503811814,4,0,56.712457893215436,herbivore,0,skin,0,119.10388497156342,0,pair-living
SP442,8.651157999202468,0,1,60.85646492885733,herbivore,2,fur,0,119.05218524487155,0,group-living
SP443,48.21759920974423,2,0,52.79566727240382,omnivore,2,feathers,1,120.60545841682054,0,pair-living
SP444,23.910609989902937,6,1,35.13213954260455,omnivore,2,scales,0,120.07089065282206,0,group-living
SP445,63.39345097660077,2,1,59.820224936157906,omnivore,2,skin,0,119.10396843623441,0,pair-living
SP446,57.331964921936965,0,0,42.467450899747895,omnivore,2,fur,0,120.5800988416352,0,group-living
SP447,31.202404273452895,0,0,32.855407192473386,herbivore,2,feathers,0,120.5434564609541,0,group-living
SP448,39.72266165326613,8,1,35.35595745388308,carnivore,4,fur,0,119.30503400870063,0,group-living
SP449,28.81572956222097,4,0,40.69843364408163,herbivore,2,fur,1,119.97217245537072,0,solitary
SP450,48.74641805453656,4,0,45.49578520484707,carnivore,2,fur,1,120.54714167506047,0,pair-living
SP451,69.10284641002477,2,0,43.38655788348206,omnivore,2,feathers,1,119.14164464588058,0,solitary
SP452,30.285479073289125,6,0,30.87331581828973,carnivore,2,scales,0,120.56622676489594,0,pair-living
SP453,60.08093031035689,4,0,57.133164091856415,herbivore,2,scales,0,120.30102360416356,0,pair-living
SP454,39.39484763255118,8,0,43.49394080563157,herbivore,2,scales,0,119.00080029449897,0,solitary
SP455,34.142543354753116,2,0,37.86246143729349,omnivore,2,fur,0,120.2197967349981,0,group-living
SP456,47.85939280090884,2,0,56.10302361982764,herbivore,4,feathers,0,120.36564858665591,0,pair-living
SP457,29.29515355161252,8,1,33.16593811733469,omnivore,2,fur,0,119.3739988738612,1,group-living
SP458,38.927013893056355,6,0,28.711098164254853,herbivore,4,scales,0,119.45271635013378,0,solitary
SP459,26.04244214822303,8,1,57.72487446598739,herbivore,2,scales,1,118.99158006906882,0,group-living
SP460,89.29450265832779,6,0,63.91387849550339,omnivore,4,feathers,0,119.55100103087611,0,pair-living
SP461,50.70527103943457,8,0,40.37903981348602,carnivore,4,fur,0,119.98791798956285,0,pair-living
SP462,36.005489840148286,8,0,44.540299920828545,herbivore,2,skin,0,119.45547784130568,1,pair-living
SP463,54.27959821468444,0,0,33.53335285479096,carnivore,4,skin,0,118.51511210175612,0,solitary
SP464,47.753439006183406,2,0,45.05492550243393,herbivore,2,scales,1,119.31141197536337,0,pair-living
SP465,45.58060800933554,8,0,40.24294736268803,herbivore,4,feathers,0,119.582707893188,0,solitary
SP466,62.28333400086851,8,0,43.97871559965001,herbivore,2,fur,0,120.81683870963225,0,group-living
SP467,65.1501542009461,4,0,49.09258387597242,herbivore,0,fur,0,120.59476491477693,0,pair-living
SP468,39.38997704778945,2,0,34.01854521969153,carnivore,2,scales,0,120.836221078875,0,pair-living
SP469,38.4836351871064,4,0,41.381886607674325,carnivore,4,scales,0,119.26098110300103,0,pair-living
SP470,44.49896605696712,2,0,26.962185782218217,herbivore,0,fur,1,120.14155077907934,0,group-living
SP471,5.0,4,1,41.45012715886712,herbivore,2,fur,1,117.57695350099847,1,pair-living
SP472,19.696178756028957,8,0,44.065659290830006,carnivore,2,scales,1,120.42892039818099,1,solitary
SP473,77.3374853488905,8,0,47.28982425061078,omnivore,4,fur,0,120.6108976739008,0,group-living
SP474,82.89935427002567,0,1,47.39576540363209,omnivore,2,skin,1,119.64837483213907,0,group-living
SP475,45.01927920887243,4,0,54.03922750736856,carnivore,2,scales,0,120.29542981172177,0,group-living
SP476,61.53113926111533,6,0,29.6033348072668,herbivore,0,fur,0,118.48507572462995,0,group-living
SP477,56.22500309087072,0,1,30.13722970049706,herbivore,2,scales,1,119.19893300960018,1,group-living
SP478,111.57761616910476,4,0,50.2895793639252,omnivore,2,feathers,0,120.76544923843228,0,solitary
SP479,72.39149822869153,4,0,24.61038722994584,omnivore,4,scales,0,120.51125327853957,0,group-living
SP480,47.44164817038467,0,0,46.83300212104993,carnivore,0,scales,1,119.58814548895523,0,pair-living
SP481,30.889191187991486,8,0,33.197070604101064,omnivore,2,feathers,0,120.81136231740471,0,group-living
SP482,17.871073594848554,4,0,60.72814640917181,carnivore,0,skin,0,120.13829811679992,1,group-living
SP483,54.06927271734446,8,0,47.50452407727777,omnivore,2,fur,0,119.49577903607783,1,group-living
SP484,34.87298509431393,0,0,42.80843980286938,omnivore,2,feathers,1,119.81717268939671,0,group-living
SP485,21.554925808046516,8,0,57.277208771391784,omnivore,2,scales,1,119.54458230868846,0,group-living
SP486,37.06854231514947,2,1,34.36597993429049,herbivore,2,fur,1,118.81622404918147,1,solitary
SP487,28.3690399277121,6,1,36.26590365912192,herbivore,4,feathers,0,121.2566858059021,1,solitary
SP488,83.74283270145129,4,0,32.38545166344891,herbivore,2,fur,0,119.43197556670741,0,group-living
SP489,67.63279513898901,6,0,36.349607736510066,omnivore,4,fur,0,119.16763928570309,0,solitary
SP490,49.84054717366765,8,0,45.61115609367388,carnivore,4,feathers,0,118.47065167948664,0,pair-living
SP491,79.59888277780053,4,0,49.939518719937205,carnivore,2,fur,0,117.36403213241087,0,group-living
SP492,51.547366152952364,8,0,54.61421685367543,carnivore,4,skin,0,120.701496868119,1,pair-living
SP493,32.774315973434724,2,0,26.75275953099261,carnivore,2,feathers,0,120.79360868703621,0,pair-living
SP494,80.46248154539315,0,1,43.281370135367084,herbivore,0,skin,1,121.1930385845947,1,group-living
SP495,60.77820087369317,4,0,33.91835468809198,herbivore,2,scales,0,119.85096068382981,0,pair-living
SP496,29.255076913470873,2,0,42.94712908511899,omnivore,0,fur,0,119.67800747270641,0,pair-living
SP497,46.193226438327834,2,0,68.3416358012704,omnivore,2,scales,0,119.49227688669686,0,pair-living
SP498,32.48763493230486,4,0,47.91861762000015,carnivore,2,scales,1,119.58344237016179,0,group-living
SP499,22.344005380713277,8,1,53.99464971148246,herbivore,0,fur,1,121.11979035074019,0,group-living
SP500,68.52355095063282,2,1,64.60691272161047,carnivore,2,feathers,1,119.97348475127104,0,pair-living
SP501,88.18833280940261,6,1,56.273582431747585,omnivore,4,fur,1,120.37807079600141,0,group-living
SP502,22.028648523617175,2,0,40.520855203130154,omnivore,2,scales,0,119.5579931680396,0,group-living
SP503,61.259384733811416,8,0,32.24167913430062,carnivore,2,scales,0,121.3208479062207,0,pair-living
SP504,36.98714861756346,8,0,44.698557304791485,omnivore,2,feathers,0,118.09526112056525,0,group-living
SP505,40.25749232470608,6,0,39.322942157813145,carnivore,2,fur,0,118.77947582528195,0,solitary
SP506,38.15212151522262,2,0,29.754787133808257,herbivore,2,scales,0,120.37971052423455,0,group-living
SP507,32.72018460640368,8,1,47.409249972894685,carnivore,4,skin,0,121.75061075123094,0,solitary
SP508,50.97043255889654,4,0,47.65886298059333,herbivore,2,scales,1,119.77489980024123,0,pair-living
SP509,33.38099767177924,0,0,62.69116700263287,herbivore,2,scales,1,119.15762919427266,0,group-living
SP510,55.40913651559678,0,0,41.38236931163186,omnivore,4,feathers,1,121.00066270515835,0,pair-living
SP511,48.99523781101726,0,0,47.801213889694495,omnivore,4,skin,1,120.3236984420149,0,pair-living
SP512,45.22103906267181,2,0,38.34514585309785,omnivore,2,scales,1,121.29021381199425,0,pair-living
SP513,31.84872675916804,6,1,53.731694306934656,carnivore,2,scales,0,118.70964891525566,0,pair-living
SP514,38.46457338863335,8,1,43.753822038098704,carnivore,2,skin,0,121.21166848601092,0,pair-living
SP515,65.10782451651512,4,1,33.27408391147257,omnivore,2,fur,1,118.45154254323172,0,group-living
SP516,60.01834375248762,4,0,44.86528178334842,carnivore,2,fur,1,119.71182785384514,0,solitary
SP517,30.448895104028978,2,0,48.90522897565001,omnivore,2,scales,0,120.41278275282393,0,group-living
SP518,51.986646108584516,0,0,47.552733874135626,carnivore,4,scales,1,120.18601337819909,0,group-living
SP519,65.02774246743579,2,0,55.45896715495869,herbivore,2,fur,0,121.06059233598236,0,group-living
SP520,16.61189437757257,6,1,30.519436279593105,herbivore,2,feathers,0,118.17333998299078,0,group-living
SP521,60.8672038475987,6,0,36.572574099850584,omnivore,2,skin,1,120.14100747969904,0,solitary
SP522,36.74752482108307,8,0,51.39787331795537,carnivore,2,skin,0,121.19964203278394,0,group-living
SP523,61.41197337186318,8,0,37.74731022038929,carnivore,2,feathers,0,120.0592942270721,0,pair-living
SP524,34.73481686914966,6,0,47.40471249330207,herbivore,2,feathers,0,118.8576603202333,0,group-living
SP525,13.902357986709617,6,1,20.802547525882375,herbivore,4,feathers,1,121.00750739482665,0,group-living
SP526,17.449151242336747,6,0,72.15946572312882,omnivore,2,feathers,0,119.3516897298563,0,solitary
SP527,50.96169893322764,2,0,42.302814684426636,herbivore,2,feathers,1,119.17567698793712,0,solitary
SP528,55.194450034429636,6,0,56.93956259988278,omnivore,2,feathers,0,119.04986424711649,0,pair-living
SP529,31.913667497911828,4,0,41.63102174416509,herbivore,2,skin,0,119.80131488705103,0,group-living
SP530,62.77184917554748,0,1,49.146985287308866,herbivore,2,feathers,1,120.18306022037287,0,group-living
SP531,16.7695987546208,6,1,59.91919646345272,carnivore,2,fur,0,118.73089994529693,0,group-living
SP532,48.678404027053666,0,1,56.65806019208385,herbivore,0,feathers,1,118.93635412327005,0,pair-living
SP533,25.77967600475087,2,1,42.955450203147755,herbivore,4,feathers,0,119.30551712413778,0,solitary
SP534,36.96327784395682,0,0,43.64745674606308,omnivore,0,skin,1,119.04501135211336,0,pair-living
SP535,50.94797342632828,2,0,55.035665601832854,herbivore,2,skin,0,120.03675822654942,0,group-living
SP536,32.791732694320956,4,0,68.33244404285301,omnivore,2,feathers,0,120.36122159640088,0,solitary
SP537,42.308889115403495,2,0,46.92282674399041,herbivore,4,skin,0,120.2238738102666,1,solitary
SP538,70.1258561842888,2,1,64.57063640541641,herbivore,2,scales,0,120.2253318887478,0,pair-living
SP539,38.462162609537025,8,0,42.58585589579794,omnivore,2,skin,1,121.67099171528861,0,solitary
SP540,66.71384224130284,6,1,54.51960363509802,carnivore,0,skin,0,120.42368359962715,1,solitary
SP541,27.405862906847638,6,0,56.011557622472864,omnivore,2,skin,0,120.78396424788924,0,group-living
SP542,60.59608355830566,4,0,40.900394961472266,omnivore,2,skin,0,119.58538425022303,0,group-living
SP543,78.83137241315801,4,0,37.52921920698358,omnivore,2,fur,0,120.9440061426615,0,solitary
SP544,5.0,6,1,56.453891885473524,carnivore,2,fur,1,119.53764747620667,0,solitary
SP545,34.062094890590465,8,0,39.684430627569434,herbivore,0,fur,0,120.41144832758859,0,pair-living
SP546,61.5414425436108,6,0,36.05650087324597,omnivore,4,feathers,1,118.62863313181762,0,pair-living
SP547,45.93909227914015,8,0,38.16040498200903,omnivore,2,feathers,1,120.16623413198812,0,solitary
SP548,57.422917467426174,4,0,39.643866615745885,carnivore,2,scales,1,119.02461976483066,0,group-living
SP549,37.92029626568359,0,0,53.56617104625678,omnivore,2,fur,0,120.9360356544839,1,solitary
SP550,51.731795749458,4,1,50.15042673276188,herbivore,4,feathers,1,120.87587646199879,1,solitary
SP551,46.88645529215841,4,0,52.15658244757891,carnivore,2,skin,1,119.53337261244091,0,group-living
SP552,73.35564123319614,2,0,49.213798110980825,herbivore,4,skin,1,122.04957492862454,0,group-living
SP553,55.08841686602426,2,0,39.06159837753361,herbivore,2,fur,0,119.71412170380653,0,pair-living
SP554,56.75205324150404,2,0,51.971028559082725,carnivore,0,scales,1,118.38798109932748,1,pair-living
SP555,41.76246067755065,2,1,56.82453826605304,omnivore,4,scales,1,119.22088202963732,0,pair-living
SP556,40.24787551855013,8,0,50.84503216119309,herbivore,2,skin,1,118.95585897764215,0,pair-living
SP557,41.34883624360758,6,0,49.496559066258506,herbivore,0,scales,0,120.37960210178626,0,group-living
SP558,57.88904284756594,0,0,37.32945493429324,herbivore,4,fur,0,118.76463697332754,0,solitary
SP559,41.58031038359474,4,1,47.11817078974478,herbivore,2,skin,1,119.46078598419375,0,pair-living
SP560,55.79549713792826,8,1,36.797586705512984,carnivore,2,feathers,0,120.31455217053677,0,pair-living
SP561,91.50801597290878,0,0,44.75972141919396,carnivore,2,feathers,1,120.1386458947118,0,group-living
SP562,67.42249406863385,8,0,28.59733360774684,herbivore,2,scales,0,119.98735618765822,0,group-living
SP563,43.47952935664318,8,0,28.674415970079068,omnivore,2,skin,0,120.12600051904407,0,solitary
SP564,74.02427844327889,4,1,43.0895231005297,herbivore,2,skin,0,119.62949990249234,0,solitary
SP565,41.838492539568975,6,0,39.5156032817301,omnivore,2,feathers,0,118.39624794433367,1,group-living
SP566,9.237509296442923,2,0,46.06787193474173,herbivore,0,skin,1,119.60316177925536,1,pair-living
SP567,29.838273781651917,6,0,43.65231420884881,omnivore,2,skin,1,120.46874978431529,1,pair-living
SP568,12.584161579482888,4,0,45.30190787210155,herbivore,4,skin,1,119.86306501139059,1,pair-living
SP569,42.96973031917383,4,0,51.0860744235674,omnivore,2,scales,0,120.3914883731305,0,solitary
SP570,50.368367583791034,4,1,40.36731044339167,herbivore,4,skin,1,119.41321697049051,0,pair-living
SP571,83.52874624550566,0,0,42.80556188355137,herbivore,2,fur,1,120.99433607987793,0,pair-living
SP572,56.53854747528325,6,0,59.55021222763164,omnivore,2,scales,0,117.44368213252866,1,group-living
SP573,45.61798942382271,6,0,45.03084126825027,carnivore,2,skin,0,120.14144051292335,0,pair-living
SP574,66.58811162366979,8,1,43.20789525374611,omnivore,2,skin,1,121.34888034712128,0,group-living
SP575,5.777293819842299,8,0,45.82512699323189,carnivore,2,fur,1,121.49769851604147,0,pair-living
SP576,54.71229116217132,8,1,43.386356269904695,herbivore,2,scales,1,119.76817383075752,0,solitary
SP577,65.41730387773933,4,0,37.90427707046776,omnivore,2,feathers,0,118.67380184435711,0,pair-living
SP578,20.428275084403168,6,0,35.019701628202796,omnivore,4,feathers,1,121.36647284234336,0,pair-living
SP579,72.87508086413858,4,0,37.36568659849995,omnivore,2,scales,0,119.94813483319444,0,group-living
SP580,56.76992814988828,0,0,53.72919186770787,carnivore,2,skin,0,119.84103046073012,0,group-living
SP581,41.69424172198397,8,0,38.700947452815875,carnivore,0,skin,0,119.10714535912227,0,group-living
SP582,62.6556373221257,4,1,43.450753981637234,herbivore,2,feathers,0,118.75011251914174,0,pair-living
SP583,95.41385715608791,4,0,52.00736285132898,carnivore,2,feathers,0,120.56386316892436,1,pair-living
SP584,53.63732510116991,0,0,42.216088291890216,carnivore,2,feathers,0,120.66987145475866,0,solitary
SP585,54.96441172600672,2,0,51.33361314843653,herbivore,4,fur,1,120.20154400179942,0,pair-living
SP586,40.81278200919512,6,1,29.592069575691333,omnivore,0,feathers,1,119.23595421840616,0,solitary
SP587,33.003112610704164,2,1,43.674833204581034,omnivore,2,fur,0,118.93500117489086,0,group-living
SP588,66.60671633088491,8,0,45.78896096598508,herbivore,2,scales,1,118.5677513447801,0,group-living
SP589,32.878323481822655,4,1,45.23138723098168,omnivore,2,skin,0,119.43945482392202,0,group-living
SP590,51.43132474438785,0,0,28.47081302161116,carnivore,2,feathers,0,118.99414643525104,0,solitary
SP591,40.44685106469767,0,0,57.031126464308045,herbivore,2,skin,1,118.29069030470896,0,pair-living
SP592,59.579596514927836,6,1,36.453270550285836,herbivore,2,skin,0,120.65134501235305,0,group-living
SP593,56.673242105738964,2,1,48.350371252624676,herbivore,2,feathers,0,118.68093613851504,0,pair-living
SP594,70.75079888515799,6,0,45.079642826473304,omnivore,2,feathers,0,120.98392268143074,0,pair-living
SP595,39.79967202290506,4,0,55.03709523810677,herbivore,2,scales,0,120.39407171011347,0,group-living
SP596,44.60250129413257,6,0,66.87488829374206,herbivore,2,fur,1,120.2943411876184,0,solitary
SP597,30.424725684353852,0,1,32.09635515457164,herbivore,2,fur,0,121.66530904606009,1,pair-living
SP598,41.114134798477764,0,0,38.51086118727501,omnivore,2,skin,0,118.71419736593548,0,group-living
SP599,57.546009860897044,8,0,46.89092493839052,carnivore,4,feathers,0,120.8737719960488,0,pair-living
