Trip_Distance_km,Time_of_Day,Day_of_Week,Passenger_Count,Traffic_Conditions,Weather,Base_Fare,Per_Km_Rate,Per_Minute_Rate,Trip_Duration_Minutes,Trip_Price
43.56,Afternoon,Weekday,3.0,Low,Rain,2.26,1.04,0.11,89.67,57.426100000000005
19.29,Evening,Weekend,3.0,Low,Clear,3.99,1.51,0.16,94.79,48.2843
25.26,Evening,Weekday,2.0,High,Clear,3.95,1.71,0.12,82.53,57.0482
33.35,Evening,Weekday,1.0,High,Clear,4.13,1.96,0.26,19.63,74.59979999999999
36.81,Morning,Weekday,2.0,Low,Clear,2.45,1.87,0.39,19.66,78.95210000000002
45.47,Night,Weekend,4.0,Low,Rain,2.12,1.28,0.23,56.93,73.4155
24.88,Morning,Weekend,2.0,High,Clear,3.4,1.54,0.2,68.14,55.3432
9.37,Afternoon,Weekday,1.0,Medium,Clear,2.35,1.67,0.13,18.1,20.3509
48.29,Afternoon,Weekend,3.0,Medium,Rain,3.1,1.57,0.23,109.74,104.1555
49.14,Afternoon,Weekday,3.0,High,Rain,3.58,1.21,0.22,27.99,69.1972
32.92,Evening,Weekday,4.0,Low,Clear,4.17,0.7,0.36,32.31,38.8456
21.06,Afternoon,Weekend,3.0,Medium,Clear,3.19,1.74,0.28,17.7,44.7904
9.9,Afternoon,Weekend,3.0,Medium,Clear,2.62,0.81,0.34,102.33,45.4312
38.98,Afternoon,Weekday,3.0,Low,Clear,3.16,1.28,0.26,15.47,57.0766
40.91,Afternoon,Weekday,1.0,Medium,Clear,4.73,1.16,0.28,19.1,57.53359999999999
28.04,Evening,Weekend,4.0,High,Clear,3.61,1.89,0.48,9.69,61.2568
15.36,Afternoon,Weekday,1.0,Low,Clear,3.49,0.74,0.34,6.06,16.9168
43.29,Evening,Weekday,1.0,Medium,Rain,2.12,1.82,0.37,36.05,94.2463
5.99,Night,Weekday,3.0,Medium,Clear,2.76,1.57,0.25,115.4,41.014300000000006
9.69,Morning,Weekday,2.0,Medium,Clear,4.75,1.04,0.26,85.28,37.0004
44.94,Evening,Weekday,1.0,Low,Clear,2.61,1.04,0.31,64.02,69.1938
44.5,Night,Weekend,4.0,Medium,Clear,4.02,1.47,0.45,23.88,80.18099999999998
34.83,Afternoon,Weekday,3.0,Medium,Snow,4.83,1.12,0.41,87.5,79.71459999999999
2.83,Morning,Weekday,1.0,Low,Snow,3.99,0.96,0.19,11.65,8.920300000000001
47.08,Evening,Weekend,1.0,High,Rain,4.67,0.76,0.34,73.93,65.587
12.32,Afternoon,Weekday,3.0,Low,Clear,3.8,1.15,0.31,6.37,19.9427
26.5,Morning,Weekday,1.0,High,Clear,4.44,0.81,0.45,114.61,77.4795
49.51,Morning,Weekend,2.0,Medium,Clear,4.84,0.78,0.2,13.75,46.207800000000006
1.71,Morning,Weekday,4.0,High,Clear,4.45,1.27,0.18,87.85,22.4347
14.3,Night,Weekday,3.0,High,Clear,4.99,0.99,0.37,108.2,59.181
37.58,Afternoon,Weekday,4.0,Low,Snow,2.91,1.16,0.47,84.52,86.22719999999998
22.97,Night,Weekend,2.0,Low,Rain,2.25,0.76,0.2,60.53,31.8132
18.44,Afternoon,Weekday,2.0,Low,Rain,4.99,1.9,0.18,44.45,48.027
21.49,Evening,Weekend,4.0,Low,Rain,4.45,1.71,0.28,47.2,54.4139
14.82,Evening,Weekday,4.0,High,Clear,3.7,0.81,0.18,88.36,31.609
13.22,Morning,Weekday,2.0,Low,Rain,3.79,0.68,0.37,51.92,31.99
30.11,Morning,Weekday,3.0,Medium,Clear,3.25,1.33,0.3,36.34,54.1983
10.06,Morning,Weekday,2.0,Medium,Rain,2.41,1.16,0.38,16.0,20.1596
5.79,Evening,Weekday,4.0,Low,Clear,4.63,1.83,0.24,107.07,40.9225
29.63,Afternoon,Weekday,3.0,High,Clear,2.43,1.76,0.28,6.31,56.345600000000005
40.56,Evening,Weekend,3.0,Medium,Rain,2.31,0.67,0.44,119.54,82.0828
23.72,Afternoon,Weekday,3.0,Medium,Clear,2.22,1.89,0.15,39.05,52.9083
40.83,Afternoon,Weekday,1.0,Medium,Clear,3.87,1.5,0.24,45.05,75.92699999999999
42.93,Afternoon,Weekday,2.0,Medium,Clear,3.24,0.54,0.14,119.84,43.19980000000001
19.45,Afternoon,Weekday,1.0,High,Clear,2.4,0.86,0.29,16.93,24.0367
8.28,Night,Weekday,4.0,Medium,Snow,3.25,1.27,0.49,11.7,19.4986
31.77,Afternoon,Weekday,4.0,Low,Clear,4.77,1.11,0.49,67.1,72.9137
29.95,Morning,Weekday,2.0,Medium,Clear,4.24,0.7,0.24,98.23,48.7802
25.09,Morning,Weekend,2.0,Medium,Snow,3.25,1.87,0.33,70.95,73.5818
6.77,Afternoon,Weekend,2.0,High,Clear,2.38,0.92,0.36,5.1,10.4444
41.93,Evening,Weekend,4.0,Medium,Rain,4.34,1.64,0.21,69.27,87.6519
27.79,Evening,Weekday,2.0,Low,Clear,2.77,0.72,0.43,49.63,44.1197
49.99,Afternoon,Weekend,3.0,Low,Clear,3.07,0.93,0.36,86.67,80.7619
3.3,Afternoon,Weekend,2.0,Low,Clear,3.22,1.11,0.25,105.2,33.183
35.21,Afternoon,Weekend,4.0,Medium,Clear,3.94,0.56,0.39,110.06,66.581
9.99,Night,Weekday,4.0,High,Clear,4.33,0.85,0.43,34.0,27.4415
130.80900130744172,Afternoon,Weekday,1.0,High,Clear,3.93,0.63,0.16,88.31,328.8717691378544
4.11,Evening,Weekend,2.0,High,Rain,4.1,0.63,0.15,30.48,11.2613
25.76,Morning,Weekday,3.0,High,Clear,2.39,0.56,0.21,94.76,36.7152
2.64,Morning,Weekday,1.0,Medium,Snow,4.53,1.71,0.43,98.23,51.2833
43.81,Afternoon,Weekday,3.0,Medium,Clear,2.81,1.28,0.26,42.48,69.9316
6.91,Morning,Weekday,3.0,Low,Clear,2.38,0.89,0.42,20.57,17.1693
40.61,Afternoon,Weekday,1.0,Low,Clear,2.31,0.88,0.38,42.25,54.1018
44.47,Night,Weekend,1.0,Low,Clear,4.79,0.79,0.31,64.0,59.761300000000006
41.91,Afternoon,Weekday,2.0,Medium,Clear,4.82,1.19,0.34,26.72,63.7777
40.19,Afternoon,Weekday,1.0,Medium,Clear,2.79,1.12,0.1,51.19,52.9218
41.79,Night,Weekend,3.0,High,Clear,4.6,1.77,0.11,86.95,88.13279999999999
42.11,Evening,Weekday,1.0,High,Clear,3.57,1.29,0.21,45.23,67.3902
25.79,Afternoon,Weekday,2.0,Medium,Clear,4.86,0.66,0.13,66.91,30.5797
102.74755620694734,Evening,Weekday,2.0,Medium,Clear,2.23,1.8,0.23,53.09,274.53508679715014
19.92,Morning,Weekday,4.0,Low,Clear,3.33,0.96,0.49,84.95,64.0787
40.17,Afternoon,Weekday,2.0,Medium,Rain,3.13,1.88,0.22,65.69,93.1014
28.75,Afternoon,Weekend,2.0,High,Rain,4.8,1.42,0.22,63.9,59.68299999999999
8.88,Night,Weekend,4.0,High,Clear,4.72,1.85,0.44,88.21,59.96039999999999
12.88,Morning,Weekday,4.0,Medium,Rain,4.81,0.76,0.18,98.13,32.2622
26.76,Afternoon,Weekday,2.0,High,Clear,3.55,0.82,0.44,38.42,42.398
3.22,Afternoon,Weekday,3.0,Low,Rain,2.83,1.63,0.31,93.78,37.1504
28.15,Afternoon,Weekday,2.0,High,Clear,2.06,0.61,0.18,17.02,22.2951
47.58,Morning,Weekday,3.0,Low,Clear,4.13,0.8,0.31,105.33,74.8463
15.0,Night,Weekday,3.0,Low,Snow,4.72,1.76,0.21,73.07,46.46469999999999
44.85,Evening,Weekend,1.0,Medium,Rain,3.83,0.51,0.29,52.52,41.9343
26.71,Afternoon,Weekend,4.0,Low,Rain,4.3,1.59,0.2,111.18,69.0049
24.2,Afternoon,Weekday,1.0,Low,Snow,2.43,0.75,0.28,103.17,49.4676
35.95,Afternoon,Weekend,4.0,Low,Clear,3.58,0.95,0.44,6.1,40.4165
45.03,Afternoon,Weekday,1.0,High,Clear,2.76,0.95,0.24,32.28,53.2857
25.23,Morning,Weekday,3.0,Low,Rain,3.94,1.35,0.13,100.22,51.0291
38.84,Morning,Weekend,2.0,Low,Clear,4.93,1.34,0.25,50.21,69.52810000000001
26.59,Morning,Weekday,2.0,Medium,Clear,4.39,0.93,0.1,51.41,34.2597
41.27,Evening,Weekday,1.0,Low,Clear,2.64,1.65,0.33,107.76,106.2963
26.43,Afternoon,Weekend,4.0,Medium,Clear,3.85,1.41,0.36,48.72,58.65549999999999
3.0,Afternoon,Weekday,1.0,Low,Clear,3.79,0.73,0.28,9.82,8.729600000000001
30.96,Afternoon,Weekday,2.0,High,Clear,2.96,1.24,0.18,69.98,53.9468
7.57,Afternoon,Weekday,3.0,High,Clear,3.42,1.7,0.23,103.8,40.163
32.52,Morning,Weekday,4.0,Medium,Rain,3.55,1.86,0.18,98.97,81.85180000000001
30.73,Morning,Weekend,3.0,Medium,Rain,4.33,1.83,0.19,63.09,72.553
44.91,Night,Weekday,1.0,Low,Rain,4.73,1.11,0.33,25.7,63.0611
7.32,Afternoon,Weekday,4.0,Medium,Clear,2.62,1.43,0.39,117.69,58.9867
41.96,Afternoon,Weekend,4.0,Low,Rain,2.21,1.22,0.19,80.28,68.65440000000001
42.08,Afternoon,Weekend,1.0,Medium,Rain,2.27,1.41,0.19,64.53,73.86349999999999
29.97,Morning,Weekday,3.0,Medium,Clear,4.17,0.56,0.45,97.58,64.86420000000001
20.02,Night,Weekday,3.0,High,Clear,3.37,0.61,0.12,63.16,23.1614
15.04,Morning,Weekday,1.0,Low,Clear,5.0,1.78,0.11,15.09,33.4311
21.33,Morning,Weekday,1.0,Low,Clear,4.62,0.56,0.43,69.89,46.61750000000001
20.64,Night,Weekday,3.0,Low,Clear,3.37,1.22,0.31,37.76,40.2564
41.24,Afternoon,Weekday,1.0,High,Clear,3.91,1.03,0.38,38.26,60.92600000000001
27.59,Night,Weekend,1.0,Medium,Clear,3.69,0.58,0.49,113.43,75.27289999999999
28.2,Morning,Weekend,2.0,Low,Clear,4.74,1.03,0.22,15.0,37.086
37.66,Evening,Weekday,4.0,Medium,Clear,4.02,1.36,0.31,104.15,87.5241
16.84,Morning,Weekend,2.0,Medium,Snow,2.17,1.01,0.12,98.03,30.942000000000004
26.7,Evening,Weekday,4.0,Medium,Clear,4.51,1.62,0.22,13.75,50.789
37.16,Evening,Weekend,1.0,Medium,Snow,3.04,0.89,0.23,44.3,46.3014
31.93,Afternoon,Weekday,1.0,Medium,Clear,4.77,1.71,0.32,37.67,71.4247
21.52,Night,Weekend,3.0,High,Rain,4.72,1.81,0.48,103.83,93.5096
37.53,Afternoon,Weekday,4.0,Low,Rain,2.19,1.84,0.48,62.05,101.0292
28.92,Afternoon,Weekend,1.0,Medium,Clear,3.5,0.62,0.11,10.15,22.5469
33.74,Afternoon,Weekday,4.0,High,Rain,4.97,0.92,0.42,48.47,56.3682
13.85,Night,Weekday,4.0,Medium,Clear,4.77,1.25,0.38,98.75,59.6075
33.91,Morning,Weekday,2.0,Medium,Clear,2.48,0.73,0.38,34.54,40.3595
39.67,Evening,Weekday,1.0,Medium,Clear,3.88,1.16,0.23,52.06,61.871
6.22,Afternoon,Weekend,4.0,Medium,Clear,3.87,1.16,0.47,75.63,46.6313
14.65,Afternoon,Weekday,4.0,Medium,Clear,4.17,0.8,0.5,96.08,63.93
40.31,Morning,Weekday,4.0,Medium,Clear,4.18,1.34,0.12,108.49,71.2142
28.93,Morning,Weekday,2.0,Medium,Clear,3.31,2.0,0.46,29.14,74.5744
44.67,Afternoon,Weekend,2.0,Medium,Rain,4.55,1.12,0.46,14.16,61.09400000000001
138.76388715029725,Night,Weekday,2.0,High,Clear,3.98,1.71,0.39,74.32,332.0436886774302
112.8309582902826,Afternoon,Weekday,2.0,High,Snow,3.35,1.9,0.23,78.63,233.00828520738887
34.9,Afternoon,Weekend,3.0,Medium,Clear,4.9,0.85,0.25,38.29,44.1375
25.11,Afternoon,Weekday,4.0,Medium,Clear,3.66,1.34,0.25,88.1,59.3324
11.04,Evening,Weekend,2.0,High,Clear,2.83,0.59,0.38,5.93,11.596999999999998
3.23,Afternoon,Weekday,2.0,Low,Rain,3.7,1.14,0.41,48.24,27.1606
35.0,Morning,Weekday,2.0,Low,Snow,4.48,1.36,0.23,53.07,64.2861
30.7,Morning,Weekend,4.0,Low,Clear,2.38,1.09,0.21,41.37,44.5307
29.34,Afternoon,Weekday,2.0,High,Clear,2.05,1.59,0.48,70.14,82.3678
18.31,Afternoon,Weekday,1.0,Medium,Rain,4.05,1.37,0.21,64.22,42.6209
27.33,Afternoon,Weekday,4.0,High,Clear,2.24,0.6,0.13,25.97,22.0141
1.27,Morning,Weekday,2.0,High,Clear,4.47,0.62,0.16,37.99,11.3358
46.54,Morning,Weekday,2.0,Low,Rain,2.07,0.84,0.22,85.74,60.0264
4.4,Morning,Weekend,2.0,Low,Rain,3.77,1.94,0.1,45.28,16.834
45.3,Afternoon,Weekend,3.0,Medium,Rain,2.32,0.73,0.28,8.51,37.7718
45.75,Morning,Weekday,3.0,Medium,Rain,4.16,0.75,0.23,52.31,50.5038
49.85,Morning,Weekday,3.0,Medium,Clear,4.94,1.21,0.11,104.35,76.737
32.85,Night,Weekday,4.0,Medium,Clear,2.44,1.18,0.42,31.52,54.4414
9.5,Afternoon,Weekday,1.0,Low,Clear,2.16,1.22,0.43,36.15,29.2945
19.15,Afternoon,Weekday,2.0,Medium,Clear,2.01,1.3,0.15,80.61,38.9965
14.76,Evening,Weekend,3.0,Medium,Clear,3.89,1.92,0.47,49.98,55.71979999999999
8.47,Evening,Weekend,2.0,High,Clear,3.33,1.15,0.2,61.93,25.4565
34.86,Evening,Weekday,4.0,Low,Clear,3.74,1.45,0.4,21.52,62.895
139.06223019422194,Afternoon,Weekday,2.0,Low,Rain,2.8,1.82,0.14,50.83,276.84059674137075
47.42,Morning,Weekday,2.0,Low,Rain,3.02,1.64,0.16,104.35,97.4848
9.28,Morning,Weekday,3.0,Medium,Clear,3.06,0.51,0.43,71.29,38.447500000000005
17.71,Night,Weekday,4.0,Medium,Clear,2.71,1.48,0.48,6.06,31.829600000000003
45.0,Evening,Weekend,3.0,High,Clear,3.71,1.32,0.32,28.19,72.13080000000001
47.29,Morning,Weekend,1.0,High,Clear,2.71,1.75,0.14,87.75,97.75249999999998
39.64,Afternoon,Weekday,4.0,Medium,Rain,2.65,1.17,0.42,19.92,57.3952
25.13,Morning,Weekend,4.0,Medium,Rain,3.61,1.02,0.42,57.23,53.2792
31.18,Afternoon,Weekday,1.0,Medium,Clear,2.71,0.79,0.35,89.23,58.5727
4.49,Morning,Weekday,3.0,Low,Clear,3.25,1.78,0.31,111.33,45.75449999999999
9.91,Morning,Weekday,1.0,Medium,Rain,3.02,1.53,0.33,61.11,38.348600000000005
29.59,Afternoon,Weekday,3.0,Medium,Rain,4.32,1.46,0.29,6.34,49.36
13.05,Morning,Weekday,1.0,Low,Clear,3.22,1.79,0.12,103.2,38.9635
5.26,Morning,Weekday,1.0,Low,Clear,3.74,1.65,0.31,67.5,33.344
13.18,Morning,Weekday,4.0,Medium,Clear,2.47,1.5,0.4,84.05,55.86
4.22,Evening,Weekday,3.0,Low,Clear,4.02,1.81,0.16,83.98,25.095
11.05,Night,Weekday,4.0,Medium,Clear,4.76,0.75,0.18,14.0,15.5675
45.42,Evening,Weekend,3.0,Medium,Clear,4.16,0.74,0.47,27.93,50.89789999999999
32.63,Night,Weekday,1.0,Medium,Clear,2.12,0.86,0.37,15.33,35.8539
28.97,Afternoon,Weekday,3.0,Medium,Clear,4.51,1.37,0.41,51.21,65.195
20.07,Evening,Weekday,2.0,Medium,Snow,3.34,0.85,0.15,78.37,32.155
1.64,Afternoon,Weekday,3.0,Low,Clear,3.32,1.53,0.44,61.16,32.7396
6.05,Morning,Weekday,3.0,Medium,Clear,3.89,0.84,0.33,46.98,24.4754
19.14,Evening,Weekend,2.0,Low,Snow,4.97,1.79,0.22,11.2,41.6946
9.89,Evening,Weekday,2.0,Low,Snow,2.61,1.36,0.33,69.39,38.95910000000001
23.17,Afternoon,Weekday,2.0,Low,Clear,4.15,1.79,0.35,93.07,78.1988
39.91,Evening,Weekday,4.0,Medium,Clear,3.65,1.33,0.44,42.63,75.4875
3.68,Afternoon,Weekday,3.0,Medium,Clear,3.94,1.16,0.44,79.58,43.224
13.37,Afternoon,Weekday,2.0,Low,Rain,2.85,1.92,0.19,114.32,50.2412
38.36,Evening,Weekday,3.0,Medium,Clear,4.94,0.79,0.36,39.09,49.3168
25.63,Morning,Weekday,3.0,Medium,Rain,4.22,1.3,0.26,85.95,59.886
13.12,Afternoon,Weekday,3.0,Medium,Snow,4.62,1.17,0.44,102.3,64.9824
35.14,Morning,Weekend,2.0,Medium,Clear,4.17,1.05,0.11,113.49,53.550900000000006
43.98,Evening,Weekend,4.0,Low,Clear,4.53,1.21,0.32,47.22,72.8562
30.68,Night,Weekday,1.0,Medium,Clear,2.75,1.44,0.27,93.45,72.16069999999999
16.94,Morning,Weekend,4.0,Low,Clear,2.56,0.63,0.19,65.42,25.662
5.79,Morning,Weekday,2.0,Medium,Clear,3.89,1.95,0.45,10.65,19.973
4.93,Evening,Weekend,1.0,Medium,Clear,2.16,1.07,0.29,8.67,9.9494
33.59,Afternoon,Weekday,1.0,Low,Rain,3.66,0.57,0.42,111.71,69.7245
46.55,Night,Weekday,3.0,High,Clear,4.41,1.42,0.3,42.88,83.375
8.21,Morning,Weekend,3.0,Medium,Clear,2.97,1.36,0.34,95.18,46.49680000000001
23.81,Morning,Weekend,1.0,Medium,Rain,2.81,1.91,0.24,62.02,63.1719
33.59,Morning,Weekday,4.0,Medium,Clear,4.99,1.16,0.15,77.02,55.5074
38.31,Afternoon,Weekend,1.0,Low,Clear,2.99,0.64,0.41,31.15,40.2799
35.5,Afternoon,Weekend,2.0,Low,Rain,3.21,1.91,0.35,111.09,109.89649999999996
17.38,Morning,Weekday,2.0,Low,Rain,3.78,1.01,0.1,17.91,23.1248
26.3,Evening,Weekday,2.0,Medium,Clear,3.03,1.61,0.39,52.71,65.9299
23.5,Morning,Weekday,4.0,Medium,Clear,3.34,1.0,0.23,43.87,36.9301
28.28,Afternoon,Weekday,2.0,Low,Rain,3.15,1.17,0.4,103.28,77.5496
45.36,Night,Weekday,3.0,Medium,Clear,2.7,0.77,0.24,70.04,54.436800000000005
26.42,Night,Weekend,3.0,Low,Clear,4.8,1.98,0.22,16.49,60.7394
31.84,Evening,Weekday,3.0,High,Snow,3.94,0.79,0.18,91.81,45.6194
6.74,Evening,Weekend,4.0,Low,Rain,4.68,1.46,0.17,117.71,34.5311
33.22,Night,Weekend,1.0,Low,Clear,2.31,1.66,0.32,41.02,70.5816
39.95,Evening,Weekend,3.0,Low,Clear,4.46,1.19,0.31,25.25,59.828
43.73,Morning,Weekday,4.0,Low,Clear,4.64,1.97,0.44,108.76,138.6425
47.55,Morning,Weekday,4.0,Low,Clear,4.78,1.97,0.27,94.35,123.928
28.42,Night,Weekday,3.0,Medium,Snow,3.75,1.06,0.41,63.09,59.74210000000001
36.39,Morning,Weekday,4.0,Low,Clear,2.26,1.47,0.34,114.15,94.5643
35.95,Evening,Weekday,2.0,Low,Clear,3.13,0.92,0.41,33.13,49.78730000000001
47.74,Evening,Weekday,3.0,High,Clear,3.71,0.67,0.17,53.16,44.733
4.68,Afternoon,Weekend,4.0,Medium,Rain,2.03,1.24,0.47,97.5,53.6582
23.97,Morning,Weekday,1.0,High,Clear,2.79,1.24,0.26,48.93,45.2346
13.64,Morning,Weekday,4.0,Medium,Rain,3.77,1.5,0.15,100.3,39.275
32.98,Morning,Weekday,3.0,High,Clear,3.67,0.64,0.49,109.94,78.64779999999999
8.92,Morning,Weekday,3.0,Low,Clear,3.69,1.07,0.36,42.14,28.4048
46.78,Afternoon,Weekend,3.0,Medium,Clear,3.13,1.75,0.17,34.03,90.7801
5.19,Evening,Weekday,4.0,Low,Rain,4.57,0.87,0.48,7.6,12.7333
15.43,Evening,Weekday,2.0,High,Clear,2.73,0.93,0.16,75.12,29.0991
45.51,Evening,Weekday,4.0,Medium,Rain,3.71,1.26,0.44,89.21,100.305
17.21,Afternoon,Weekday,2.0,Low,Rain,4.48,1.61,0.1,106.78,42.8661
21.04,Afternoon,Weekday,2.0,Low,Rain,2.36,0.85,0.2,72.41,34.726
27.43,Morning,Weekend,4.0,Low,Rain,2.58,1.59,0.28,23.53,52.7821
42.26,Morning,Weekday,3.0,High,Rain,2.3,1.69,0.26,40.14,84.1558
8.1,Afternoon,Weekend,1.0,High,Clear,2.62,0.98,0.13,31.19,14.6127
45.41,Afternoon,Weekday,2.0,Low,Clear,3.85,0.51,0.12,69.95,35.4031
19.36,Night,Weekday,1.0,Medium,Rain,2.96,1.4,0.15,55.49,38.3875
9.15,Afternoon,Weekday,2.0,Medium,Snow,2.12,0.84,0.48,81.26,48.8108
5.18,Evening,Weekday,2.0,Medium,Clear,2.49,1.29,0.21,59.81,21.7323
3.28,Evening,Weekday,2.0,Medium,Clear,2.88,1.76,0.2,78.04,24.260800000000003
7.91,Morning,Weekday,4.0,Medium,Clear,4.09,1.55,0.47,110.69,68.3748
46.17,Afternoon,Weekday,4.0,Medium,Clear,4.13,1.57,0.28,83.15,99.8989
8.67,Morning,Weekday,2.0,High,Rain,4.79,1.79,0.46,71.36,53.1349
116.196063616616,Afternoon,Weekend,4.0,Medium,Clear,2.2,0.85,0.25,19.63,206.69956969976877
30.43,Morning,Weekend,2.0,Medium,Clear,4.52,1.3,0.37,56.58,65.0136
37.63,Evening,Weekday,4.0,Medium,Clear,3.63,0.68,0.11,85.34,38.6058
41.5,Evening,Weekday,3.0,Low,Clear,3.13,1.47,0.42,91.88,102.72459999999998
13.71,Afternoon,Weekday,3.0,Low,Clear,3.54,0.76,0.3,27.87,22.3206
1.81,Night,Weekday,1.0,Low,Rain,2.86,1.71,0.32,20.63,12.5567
28.5,Afternoon,Weekday,1.0,Medium,Clear,4.92,1.78,0.46,109.33,105.9418
37.92,Evening,Weekday,2.0,Medium,Rain,2.02,0.84,0.39,112.04,77.56840000000001
1.97,Afternoon,Weekday,1.0,Medium,Clear,2.08,1.98,0.37,71.48,32.428200000000004
19.49,Night,Weekend,4.0,Medium,Rain,4.41,0.69,0.22,76.0,34.5781
21.84,Evening,Weekday,4.0,Low,Clear,3.31,1.2,0.15,114.14,46.639
116.66768073006573,Morning,Weekday,2.0,High,Clear,3.81,0.74,0.25,110.82,248.29520891209057
34.73,Evening,Weekday,4.0,Low,Clear,4.85,1.13,0.14,5.65,44.88589999999999
6.68,Night,Weekend,2.0,Medium,Clear,3.32,1.35,0.38,12.08,16.9284
7.83,Afternoon,Weekday,4.0,Medium,Clear,4.16,0.93,0.18,99.63,29.3753
18.76,Afternoon,Weekday,2.0,High,Clear,2.57,0.9,0.29,117.24,53.4536
35.14,Afternoon,Weekend,2.0,Medium,Clear,3.88,0.81,0.28,55.94,48.006600000000006
21.18,Afternoon,Weekday,2.0,Low,Rain,3.05,1.26,0.32,51.27,46.1432
19.66,Night,Weekday,2.0,Low,Clear,4.56,1.73,0.44,105.23,84.873
22.15,Morning,Weekend,2.0,Low,Clear,2.56,0.91,0.42,24.45,32.985499999999995
46.98,Morning,Weekend,4.0,Low,Clear,4.4,1.92,0.45,15.7,101.6666
26.86,Afternoon,Weekday,4.0,Low,Clear,2.87,1.32,0.31,54.4,55.1892
5.87,Evening,Weekend,4.0,Low,Clear,2.84,0.93,0.34,58.15,28.0701
9.91,Evening,Weekday,2.0,High,Clear,2.32,1.26,0.34,41.72,28.9914
48.5,Evening,Weekday,1.0,Low,Clear,3.61,1.66,0.39,79.03,114.9417
11.11,Evening,Weekend,3.0,Medium,Clear,3.79,1.01,0.17,59.73,25.1652
13.64,Morning,Weekday,4.0,Medium,Rain,2.43,1.54,0.14,43.75,29.5606
29.1,Morning,Weekday,4.0,High,Clear,3.26,0.82,0.12,29.8,30.698
38.42,Afternoon,Weekday,1.0,Low,Clear,4.29,0.63,0.4,65.68,54.76660000000001
49.53,Morning,Weekday,2.0,Medium,Clear,4.16,1.19,0.16,36.33,68.9135
1.54,Afternoon,Weekday,3.0,High,Clear,3.62,1.56,0.38,10.13,9.8718
13.26,Morning,Weekday,4.0,Medium,Clear,3.49,1.56,0.33,44.36,38.814400000000006
6.56,Afternoon,Weekday,3.0,Low,Clear,3.48,0.85,0.31,97.94,39.4174
28.22,Morning,Weekday,3.0,High,Clear,2.7,1.38,0.14,100.83,55.7598
19.23,Morning,Weekday,3.0,Medium,Clear,3.48,1.9,0.42,117.75,89.472
46.56,Morning,Weekday,3.0,Low,Clear,4.46,0.87,0.46,119.21,99.8038
23.67,Evening,Weekday,1.0,Medium,Snow,4.76,1.73,0.38,43.49,62.2353
36.75,Afternoon,Weekday,2.0,Medium,Clear,3.28,1.21,0.27,105.46,76.2217
18.48,Afternoon,Weekday,4.0,Medium,Clear,2.84,1.37,0.39,106.41,69.6575
31.38,Night,Weekday,4.0,High,Clear,3.86,0.58,0.2,32.85,28.6304
29.6,Afternoon,Weekday,2.0,Low,Clear,3.51,1.5,0.18,24.02,52.2336
3.0,Evening,Weekday,2.0,Low,Clear,4.62,1.83,0.33,48.49,26.111700000000003
1.89,Morning,Weekend,1.0,Low,Clear,2.71,0.62,0.11,20.41,6.1269
16.53,Morning,Weekend,4.0,Medium,Clear,4.34,0.63,0.27,24.96,21.4931
30.3,Night,Weekend,1.0,Low,Clear,4.5,1.64,0.35,51.65,72.2695
9.72,Afternoon,Weekend,2.0,High,Clear,3.95,1.54,0.17,101.99,36.2571
27.93,Night,Weekend,4.0,Low,Clear,4.15,0.56,0.2,73.35,34.4608
23.27,Afternoon,Weekend,2.0,Low,Clear,4.88,1.9,0.38,78.31,78.85079999999999
14.72,Afternoon,Weekday,4.0,Medium,Clear,2.89,1.07,0.47,5.01,20.9951
43.37,Afternoon,Weekend,3.0,Low,Clear,2.3,0.73,0.42,53.94,56.61489999999999
27.14,Afternoon,Weekend,2.0,Medium,Clear,3.99,0.57,0.49,24.44,31.4354
32.23,Afternoon,Weekday,3.0,High,Clear,4.45,1.2,0.23,119.08,70.5144
13.48,Afternoon,Weekday,3.0,Low,Rain,3.21,1.07,0.22,96.07,38.769
22.37,Evening,Weekday,3.0,Medium,Clear,3.27,1.32,0.12,13.15,34.376400000000004
35.11,Afternoon,Weekday,3.0,Low,Rain,3.29,1.36,0.45,42.67,70.2411
40.6,Afternoon,Weekend,3.0,Medium,Clear,2.73,0.55,0.26,17.2,29.532000000000004
9.31,Afternoon,Weekend,2.0,Low,Rain,4.73,0.5,0.2,115.15,32.415000000000006
45.83,Evening,Weekday,4.0,Medium,Clear,4.5,1.36,0.39,54.66,88.1462
2.53,Morning,Weekday,2.0,Medium,Clear,4.14,1.1,0.45,110.59,56.688500000000005
30.98,Afternoon,Weekend,1.0,Low,Rain,4.5,0.84,0.25,57.02,44.7782
9.44,Morning,Weekday,1.0,Low,Clear,4.56,0.57,0.18,14.92,12.6264
19.08,Afternoon,Weekend,4.0,Medium,Clear,4.36,1.22,0.1,115.6,39.1976
10.14,Evening,Weekday,3.0,High,Rain,2.73,1.06,0.4,16.24,19.974400000000003
6.56,Evening,Weekday,4.0,Low,Clear,2.32,1.59,0.38,50.68,32.0088
9.36,Afternoon,Weekday,1.0,Medium,Clear,2.4,1.85,0.15,7.07,20.7765
7.23,Evening,Weekday,1.0,Low,Clear,3.51,1.2,0.39,55.29,33.7491
38.79,Afternoon,Weekday,2.0,Low,Clear,3.95,1.88,0.33,82.93,104.2421
38.71,Afternoon,Weekday,2.0,Medium,Rain,2.41,1.25,0.31,114.7,86.3545
25.65,Evening,Weekday,2.0,Medium,Snow,2.49,0.84,0.22,110.81,48.4142
8.61,Morning,Weekday,3.0,Low,Clear,3.07,1.24,0.28,66.1,32.2544
17.7,Afternoon,Weekend,1.0,Medium,Clear,3.39,1.24,0.3,6.12,27.174
12.38,Afternoon,Weekday,2.0,Medium,Rain,4.27,0.93,0.23,61.64,29.9606
40.72,Evening,Weekday,2.0,High,Clear,3.64,0.62,0.35,98.49,63.3579
26.61,Morning,Weekday,4.0,Low,Rain,3.07,0.68,0.18,65.91,33.0286
14.17,Afternoon,Weekend,4.0,Low,Snow,4.84,0.65,0.15,37.82,19.7235
5.01,Afternoon,Weekend,4.0,Low,Rain,3.63,0.79,0.37,58.02,29.055300000000003
35.35,Morning,Weekday,1.0,Medium,Clear,4.2,1.21,0.15,79.01,58.825
44.0,Morning,Weekday,3.0,Low,Clear,4.99,1.2,0.46,41.76,76.9996
40.53,Afternoon,Weekday,1.0,Medium,Clear,3.35,1.26,0.26,16.46,58.6974
23.08,Morning,Weekend,4.0,Medium,Rain,2.38,1.31,0.24,89.61,54.1212
30.27,Afternoon,Weekend,4.0,Medium,Clear,3.66,0.67,0.41,41.65,41.0174
11.96,Evening,Weekday,2.0,Medium,Snow,4.81,1.49,0.27,70.7,41.71940000000001
36.68,Morning,Weekday,4.0,Low,Clear,2.58,1.11,0.39,108.41,85.5747
7.9,Afternoon,Weekday,3.0,Medium,Clear,3.61,1.91,0.42,55.74,42.1098
20.51,Evening,Weekday,3.0,Medium,Snow,3.08,1.55,0.28,54.3,50.07450000000001
18.69,Evening,Weekday,3.0,Medium,Clear,4.9,1.79,0.17,79.41,51.8548
42.76,Afternoon,Weekday,2.0,Medium,Rain,4.85,1.29,0.17,67.92,71.5568
12.88,Morning,Weekend,2.0,Low,Clear,4.8,1.44,0.49,42.13,43.9909
48.75,Afternoon,Weekend,2.0,Medium,Rain,3.46,1.02,0.46,17.41,61.1936
2.24,Evening,Weekend,3.0,Medium,Clear,2.63,0.68,0.33,13.69,8.6709
6.55,Morning,Weekend,3.0,Medium,Rain,4.43,0.55,0.3,45.41,21.6555
34.47,Afternoon,Weekday,1.0,High,Clear,4.49,1.01,0.46,5.5,41.834700000000005
145.74705994904548,Morning,Weekday,3.0,High,Rain,2.82,0.83,0.49,60.29,325.0989498083767
31.54,Morning,Weekday,2.0,High,Clear,3.09,1.91,0.26,93.37,87.6076
46.61,Evening,Weekday,1.0,High,Clear,2.74,1.84,0.44,21.11,97.7908
39.97,Night,Weekday,3.0,Medium,Rain,4.96,0.67,0.15,107.38,47.846900000000005
32.48,Evening,Weekday,3.0,Low,Clear,4.29,0.99,0.27,19.3,41.65619999999999
26.7,Morning,Weekend,1.0,Medium,Clear,2.72,1.31,0.19,53.21,47.8069
18.18,Evening,Weekday,2.0,High,Rain,2.72,0.7,0.49,63.0,46.316
107.78683195771164,Morning,Weekend,1.0,High,Clear,2.05,1.3,0.18,79.6,322.7259960920446
44.47,Evening,Weekday,2.0,High,Clear,4.95,1.71,0.24,59.18,95.1969
21.95,Morning,Weekday,3.0,Medium,Clear,4.05,0.88,0.1,44.99,27.865
4.11,Afternoon,Weekend,4.0,Low,Snow,2.27,1.9,0.37,112.28,51.6226
36.87,Evening,Weekend,1.0,High,Clear,2.7,1.21,0.15,37.27,52.9032
1.9,Morning,Weekend,1.0,Low,Clear,3.66,0.82,0.28,88.44,29.9812
14.91,Afternoon,Weekend,1.0,Medium,Clear,4.23,1.28,0.38,112.25,65.9698
6.86,Night,Weekend,2.0,High,Clear,2.93,1.18,0.18,102.45,29.4658
44.8,Morning,Weekend,1.0,Low,Clear,4.51,1.58,0.35,94.11,108.2325
2.81,Evening,Weekend,3.0,Low,Rain,2.82,1.12,0.38,56.65,27.4942
6.79,Morning,Weekend,3.0,Medium,Clear,2.61,1.65,0.12,72.29,22.4883
27.59,Evening,Weekend,1.0,Medium,Rain,2.07,1.03,0.46,67.33,61.459500000000006
32.42,Evening,Weekday,4.0,Low,Clear,2.58,1.41,0.11,14.18,49.852
14.77,Afternoon,Weekend,4.0,Medium,Clear,4.8,1.21,0.28,113.4,54.42370000000001
15.43,Evening,Weekend,3.0,Medium,Clear,3.16,0.96,0.41,73.79,48.2267
42.48,Evening,Weekday,4.0,High,Clear,4.79,1.95,0.14,65.02,96.7288
40.34,Morning,Weekend,1.0,Medium,Clear,3.85,0.87,0.15,29.11,43.31230000000001
8.87,Night,Weekday,3.0,Low,Clear,4.96,1.19,0.37,24.8,24.6913
5.42,Morning,Weekday,3.0,Medium,Rain,3.85,1.84,0.24,68.73,30.318
46.12,Afternoon,Weekday,3.0,Low,Clear,4.11,1.86,0.21,59.7,102.4302
23.66,Morning,Weekday,3.0,Medium,Clear,3.53,0.61,0.15,52.82,25.8856
21.79,Evening,Weekday,2.0,High,Clear,4.37,1.17,0.34,5.61,31.7717
30.77,Morning,Weekday,1.0,Low,Clear,3.64,1.33,0.13,109.6,58.8121
46.4,Afternoon,Weekday,4.0,Low,Clear,3.63,1.46,0.33,92.78,101.9914
3.54,Afternoon,Weekend,2.0,Low,Snow,3.21,0.7,0.26,55.94,20.2324
8.97,Afternoon,Weekday,1.0,Low,Clear,4.89,1.07,0.25,44.17,25.5304
39.96,Afternoon,Weekday,4.0,Low,Clear,3.89,1.0,0.2,9.66,45.782
41.14,Evening,Weekend,3.0,Medium,Rain,4.14,1.71,0.17,46.78,82.44200000000001
8.65,Afternoon,Weekday,3.0,Medium,Rain,2.12,0.62,0.26,33.37,16.1592
25.32,Evening,Weekend,4.0,Medium,Rain,3.58,1.81,0.36,37.19,62.7976
31.58,Night,Weekend,1.0,Medium,Rain,4.57,0.88,0.24,91.7,54.3684
6.45,Morning,Weekday,2.0,Low,Clear,2.13,1.73,0.46,44.01,33.5331
4.46,Afternoon,Weekend,3.0,Medium,Clear,3.22,0.53,0.3,60.41,23.7068
23.21,Afternoon,Weekday,4.0,Medium,Clear,3.4,1.18,0.15,100.48,45.85979999999999
7.87,Afternoon,Weekday,2.0,Low,Clear,3.52,1.57,0.16,64.51,26.1975
21.11,Afternoon,Weekend,4.0,High,Rain,4.61,0.69,0.18,84.06,34.3067
39.0,Evening,Weekend,1.0,Low,Clear,2.19,1.56,0.43,64.81,90.8983
3.11,Evening,Weekend,3.0,Low,Clear,4.42,0.59,0.16,36.62,12.1141
33.46,Afternoon,Weekend,2.0,Low,Rain,2.23,0.63,0.12,64.07,30.9982
43.26,Morning,Weekday,4.0,Medium,Snow,2.92,1.26,0.43,47.55,77.8741
37.14,Evening,Weekday,3.0,Low,Clear,3.4,0.78,0.45,43.84,52.0972
3.53,Morning,Weekend,1.0,Low,Clear,2.9,0.59,0.12,92.82,16.1211
43.44,Morning,Weekday,1.0,Low,Clear,3.51,0.79,0.19,11.01,39.9195
47.07,Morning,Weekday,4.0,Medium,Rain,2.06,1.86,0.15,71.04,100.2662
15.14,Morning,Weekday,3.0,Low,Rain,2.73,0.7,0.37,89.96,46.61319999999999
47.05,Morning,Weekday,4.0,Low,Snow,2.52,1.87,0.49,77.86,128.6549
9.75,Afternoon,Weekend,1.0,Medium,Clear,3.89,0.99,0.3,105.81,45.2855
24.74,Night,Weekend,3.0,High,Clear,5.0,1.82,0.36,107.93,88.8816
7.68,Evening,Weekday,3.0,Medium,Clear,3.48,1.52,0.48,94.11,60.32639999999999
46.49,Afternoon,Weekday,3.0,Low,Clear,4.08,1.99,0.34,63.05,118.0321
43.99,Night,Weekday,2.0,Low,Clear,2.64,0.96,0.29,74.71,66.5363
20.49,Afternoon,Weekday,1.0,High,Clear,2.51,1.66,0.39,96.76,74.2598
49.3,Afternoon,Weekday,2.0,Low,Clear,2.38,0.86,0.4,47.72,63.866
17.97,Morning,Weekend,3.0,Low,Clear,4.85,0.82,0.15,91.83,33.3599
9.67,Morning,Weekend,4.0,Medium,Clear,2.96,1.94,0.26,42.3,32.7178
21.22,Morning,Weekday,2.0,Medium,Clear,3.76,1.85,0.3,100.66,73.21499999999999
48.09,Afternoon,Weekend,1.0,High,Clear,4.47,1.23,0.29,92.6,90.4747
29.27,Morning,Weekend,4.0,Medium,Rain,3.97,1.9,0.1,33.99,62.982
2.69,Afternoon,Weekday,4.0,Low,Clear,4.6,1.95,0.34,97.49,42.9921
21.45,Evening,Weekday,2.0,Medium,Clear,4.27,1.12,0.3,82.54,53.056
39.21,Morning,Weekday,2.0,Low,Snow,2.88,0.94,0.21,70.94,54.6348
49.32,Evening,Weekday,1.0,Low,Clear,2.45,1.43,0.14,112.17,88.6814
29.59,Afternoon,Weekend,4.0,High,Snow,4.6,1.32,0.28,75.26,64.73160000000001
41.04,Afternoon,Weekend,1.0,High,Clear,3.5,1.06,0.4,41.3,63.522400000000005
